id,dimension,type,typeName,title,options,correct,analysis
100,人工智能应用与创新能力,scenario,情景式问答,社区AI智慧服务系统应用场景,社区引入"AI智慧服务系统"，为居民提供便捷服务，具体功能如下：•AI智能问诊：居民输入症状或拍摄舌苔、面色照片，AI结合训练数据给出初步诊断建议和就医指导，其训练数据主要来自某地区医院的病例；•智能安防监控：AI识别异常行为（如高空抛物、陌生人徘徊），及时提醒物业，但偶尔会将居民正常活动误判为异常；•AI便民查询：居民可查询社区通知、缴费信息、周边便民设施等，系统会收集居民的查询记录，用于优化推荐内容；•AI垃圾分类指导：居民拍摄垃圾照片，AI识别垃圾种类并指导分类，但对部分混合垃圾、小众垃圾的识别准确率较低。请围绕这个场景提出一个有价值的问题，并进行分析阐述。,,示例答案：如何提升社区AI智慧服务系统的准确性和用户信任度？分析：1. 需求背景：AI系统在社区服务中发挥重要作用，但存在误判和识别准确率低的问题；2. 技术挑战：（1）训练数据可能存在地域局限性；（2）异常行为识别算法需要优化；（3）垃圾分类识别需要更多样本数据；3. 解决方案：（1）扩大训练数据范围，涵盖更多地区和场景；（2）建立用户反馈机制，不断优化算法；（3）在关键功能中保留人工审核环节；4. 实施建议：定期公开系统性能数据，增强透明度，建立用户教育机制，提高对AI局限性的认识。
101,人工智能应用与创新能力,scenario,情景式问答,学校AI智慧学习系统应用场景,学校引入"AI智慧学习系统"，其中AI作业批改工具能快速批改语文生字、数学计算题，标注错误答案，但无法识别学生的书写工整度、解题思路的合理性；AI学习助手能解答课本上的知识点，但对于学生提出的拓展性、开放性问题，常常给出模糊或错误的答案。此外，系统会收集学生的作业情况、提问记录等数据，用于优化AI功能。请围绕这个场景提出一个有价值的问题，并进行分析阐述。,,示例答案：如何平衡AI在教学中的辅助作用和学生的个性化发展？分析：1. 需求背景：AI能提高教学效率，但在评估学生综合能力和处理开放性问题方面存在局限；2. 技术局限性：AI难以理解学生的思维过程和创造力，可能导致教学评价单一化；3. 解决方案：（1）将AI作为教师的辅助工具，而非替代者；（2）保留人工评价环节，关注学生的思维过程和创意；（3）设计多样化的评估方式，全面评价学生能力；4. 教育意义：培养学生的批判性思维和创造力，认识到AI的局限性，学会与AI协作。
102,人工智能应用与创新能力,scenario,情景式问答,李明学校智慧校园系统应用场景,李明的学校最近引进了一套"智慧校园"系统，这个系统有不少有趣的功能：●智能门禁：同学们通过人脸识别进入校门，系统会自动记录到校时间并发送给家长。●AI作业批改：老师用AI辅助批改数学作业，AI可以快速判断答案是否正确，但有时会看不懂同学的解题思路。●智能午餐系统：食堂用AI分析同学们的就餐数据，预测每天应该准备多少份饭菜，减少食物浪费。●AI学习助手：学校给每个同学配了一个AI学习助手，可以回答同学们的各种问题，帮助大家学习。请围绕这个场景提出一个值得深入思考的问题，并进行分析阐述。,,示例答案：如何确保智慧校园系统的数据安全和隐私保护？分析：1. 需求背景：智慧校园系统收集了大量学生的个人数据，包括生物特征、学习情况和生活习惯；2. 隐私风险：（1）人脸识别数据可能被滥用；（2）学习数据可能被用于不当目的；（3）数据泄露可能造成安全隐患；3. 解决方案：（1）实施严格的数据访问权限控制；（2）对敏感数据进行加密存储；（3）获得家长和学生的知情同意；（4）定期进行安全审计；4. 教育价值：通过这个问题，培养学生的数据安全意识，了解AI系统的隐私保护措施。
103,人工智能应用与创新能力,scenario,情景式问答,智能家庭助手应用场景,家庭使用AI智能助手（如小爱同学、天猫精灵等）协助日常家务和生活管理，具体功能包括：•语音控制家电：通过语音指令控制灯光、空调、电视等设备，但对口音较重的指令识别准确率较低；•信息查询：回答天气、新闻、菜谱等问题，偶尔会给出过时或不准确的信息；•日程管理：提醒家庭日程、纪念日等，但需要手动设置初始信息；•购物助手：根据家庭消费习惯推荐商品，可能存在过度推荐的情况。请围绕这个场景提出一个值得深入思考的问题，并进行分析阐述。,,示例答案：如何优化家庭AI助手的用户体验，减少其局限性带来的困扰？分析：1. 需求背景：AI助手能方便家庭生活，但存在识别准确率低、信息过时等问题；2. 技术挑战：（1）语音识别需要适应不同口音；（2）信息更新需要及时准确；（3）个性化推荐需要平衡实用性和打扰度；3. 解决方案：（1）使用本地学习模式，适应家庭成员的语音特点；（2）定期更新知识库，确保信息准确性；（3）设置个性化推荐偏好，避免过度推荐；4. 学习启示：认识到AI是不断学习和优化的工具，学会与AI有效互动，提高生活效率。
104,人工智能应用与创新能力,scenario,情景式问答,智能个人健康管理应用场景,个人使用AI健康管理工具（如智能手环、健康APP等）监测身体状况，具体功能包括：•运动监测：记录步数、心率、睡眠质量等数据，生成运动报告，但可能存在数据误差；•健康建议：根据监测数据提供健康建议，如运动量、饮食调整等，建议的专业性有限；•异常预警：当监测数据异常时发出预警，但可能出现误报；•数据分享：可将数据分享给医生或家人，方便远程关注健康状况。请围绕这个场景提出一个值得深入思考的问题，并进行分析阐述。,,示例答案：如何合理使用AI健康管理工具，避免过度依赖？分析：1. 需求背景：AI健康工具能帮助个人监测健康状况，但存在数据误差和建议专业性有限的问题；2. 技术局限性：AI无法替代专业医疗诊断，可能导致用户对健康问题的误判；3. 解决方案：（1）将AI工具作为健康监测的辅助手段，而非诊断工具；（2）结合专业医疗建议，理性对待AI预警；（3）定期校准设备，提高数据准确性；4. 健康意识：培养科学的健康观念，了解AI工具的适用范围，保持健康的生活方式。
105,人工智能应用与创新能力,scenario,情景式问答,智能社区服务应用场景,社区使用AI系统优化服务，具体功能包括：•智能垃圾分类：居民拍摄垃圾照片，AI识别并指导分类，对混合垃圾识别准确率有待提高；•快递管理：AI识别快递信息，自动分配取件码，偶尔会出现信息识别错误；•安防监控：AI识别异常行为，及时预警，可能存在隐私顾虑；•便民服务：提供社区通知、缴费、维修申请等服务，系统响应速度有时较慢。请围绕这个场景提出一个具有深度和创新性的问题，并进行分析阐述。,,示例答案：如何设计一个整合多种功能的AI社区服务平台，提升居民满意度？分析：1. 需求背景：社区服务涉及多个领域，需要统一管理和优化，提高服务质量；2. 技术方案：（1）构建统一的AI服务平台，整合垃圾分类、安防、快递等功能；（2）使用边缘计算技术，提高系统响应速度；（3）建立用户反馈机制，持续优化算法；3. 创新点：实现跨功能的数据共享和智能联动，如垃圾分类数据与环保教育结合；4. 实施挑战：需要协调不同服务提供商，确保数据安全和隐私保护；5. 价值意义：提升社区管理效率，改善居民生活质量，促进社区和谐。
106,人工智能应用与创新能力,scenario,情景式问答,智能个人学习助手应用场景,个人使用AI学习助手（如智能错题本、个性化学习APP等）辅助学习，具体功能包括：•错题整理：自动收集错题，生成错题本，分析错误原因，但可能无法理解学生的具体错误思路；•知识点推荐：根据学习数据推荐相关知识点，有时推荐内容与实际需求不符；•学习计划：根据学习进度生成学习计划，缺乏对个人学习风格的考虑；•难题解答：提供题目解析，对复杂问题的讲解有时不够清晰。请围绕这个场景提出一个具有深度和创新性的问题，并进行分析阐述。,,示例答案：如何利用AI技术实现真正的个性化学习，满足不同学生的学习需求？分析：1. 需求背景：传统学习方式难以满足个人学习风格和进度的差异，AI有潜力提供个性化支持；2. 技术方案：（1）使用机器学习算法分析学习数据，识别知识薄弱点和学习风格；（2）结合认知科学理论，设计符合个人特点的学习路径；（3）实现动态调整的学习内容和难度；3. 创新点：将学习分析与教学策略推荐相结合，提供真正个性化的学习体验；4. 实施挑战：需要高质量的学习数据，确保算法的准确性和适应性；5. 教育价值：培养自主学习能力，提高学习效率，促进个性化发展。
107,人工智能应用与创新能力,scenario,情景式问答,智能家庭能源管理应用场景,家庭使用AI系统优化能源使用，具体功能包括：•智能控制：自动调节灯光、空调、热水器等设备的使用，有时会与家庭成员的实际需求不符；•能耗分析：分析家庭能源使用情况，提供节能建议，建议的实用性有待提高；•费用预测：预测月度能源费用，帮助家庭预算，但预测准确性受多种因素影响；•异常监测：监测能源使用异常，如设备待机耗电，及时提醒用户。请围绕这个场景提出一个具有深度和创新性的问题，并进行分析阐述。,,示例答案：如何设计一个智能家庭能源管理系统，平衡节能和家庭成员的舒适度？分析：1. 需求背景：家庭能源消耗大，需要智能管理减少浪费，但节能措施可能影响生活舒适度；2. 技术方案：（1）监测家庭成员的生活习惯，建立个性化能源使用模型；（2）结合天气、家庭成员活动等因素，智能控制家电；（3）提供交互式节能建议，让用户参与决策；3. 创新点：使用强化学习算法，根据用户反馈不断优化能源使用策略；4. 实施挑战：需要智能设备的支持，确保系统的可靠性和响应速度；5. 经济价值：降低能源成本，减少碳排放，培养家庭的节能意识。
108,人工智能应用与创新能力,scenario,情景式问答,智能个人娱乐应用场景,个人使用AI娱乐工具（如AI音乐生成、AI绘画、AI游戏等）丰富娱乐生活，具体功能包括：•AI音乐生成：根据用户喜好生成音乐，有时缺乏情感深度和原创性；•AI绘画：根据文字描述生成图像，可能存在版权问题；•AI游戏：提供智能NPC和个性化游戏体验，有时游戏难度设置不合理；•AI内容推荐：根据用户偏好推荐娱乐内容，可能导致信息茧房。请围绕这个场景提出一个值得深入思考的问题，并进行分析阐述。,,示例答案：AI在娱乐领域的应用如何平衡技术创新和人文价值？分析：1. 需求背景：AI能创造新的娱乐形式，丰富个人生活，但可能缺乏人类的情感和创意深度；2. 技术考量：（1）AI生成内容可能存在版权和原创性问题；（2）个性化推荐可能限制用户的视野；（3）AI缺乏人类的情感理解能力；3. 解决方案：（1）将AI作为创意工具，与人类创作结合；（2）建立内容审核机制，保护版权；（3）设计多样化的推荐算法，避免信息茧房；4. 文化价值：认识到AI是辅助创意的工具，人类的情感和创意仍然是娱乐的核心，培养对艺术和文化的欣赏能力。
109,人工智能应用与创新能力,scenario,情景式问答,智能社会公共服务应用场景,城市使用AI系统优化公共服务，具体功能包括：•智能交通：优化交通信号灯配时，减少拥堵，但对突发情况的处理能力有限；•智能医疗：辅助医生诊断，提高诊断效率，可能存在误诊风险；•智能环保：监测环境指标，预测污染趋势，数据准确性需要验证；•智能政务：提供在线服务，简化办事流程，对复杂业务的处理能力不足。请围绕这个场景提出一个具有深度和创新性的问题，并进行分析阐述。,,示例答案：如何设计一个公平、透明、可靠的AI公共服务系统？分析：1. 需求背景：AI在公共服务中的应用越来越广泛，需要确保公平、透明和可靠性；2. 技术方案：（1）使用可解释AI技术，让决策过程可理解；（2）建立多元数据采集机制，避免算法偏见；（3）设置公众参与和监督机制；（4）保留人工干预通道，处理特殊情况；3. 创新点：将伦理设计融入系统架构，确保公平性和透明度；4. 实施挑战：需要平衡效率和公平，处理复杂的社会需求，确保系统的可靠性；5. 社会价值：提升公共服务质量，促进社会公平，增强公众对AI技术的信任。
110,人工智能应用与创新能力,scenario,情景式问答,智能个人安全应用场景,个人使用AI安全工具（如智能门锁、监控摄像头、防诈骗APP等）保护个人安全，具体功能包括：•智能门锁：通过人脸识别或指纹识别开锁，偶尔会出现识别失败的情况；•监控摄像头：AI识别异常行为，及时预警，可能涉及隐私问题；•防诈骗APP：识别诈骗电话和信息，对新型诈骗手法的识别能力有限；•个人信息保护：监测个人信息泄露风险，提供保护建议，建议的有效性有待验证。请围绕这个场景提出一个具有深度和创新性的问题，并进行分析阐述。,,示例答案：如何设计一个智能个人安全系统，平衡安全保障和隐私保护？分析：1. 需求背景：个人安全需要智能保护，但安全措施可能涉及隐私数据的收集和使用；2. 技术方案：（1）使用联邦学习技术，数据本地处理，减少数据上传；（2）实现端到端加密，保护数据传输安全；（3）设计最小权限原则，只收集必要数据；（4）提供用户可控的隐私设置；3. 创新点：结合多模态数据（图像、声音、行为）进行综合安全分析，提高安全保障水平；4. 实施挑战：需要平衡安全需求和隐私保护，确保系统的可靠性和用户信任；5. 个人价值：提升个人安全保障，增强安全感，同时保护个人隐私。
111,人工智能应用与创新能力,scenario,情景式问答,智能社会环保应用场景,社会使用AI技术促进环保，具体功能包括：•智能垃圾分类：AI识别垃圾种类，指导分类，对混合垃圾的识别准确率较低；•环境监测：实时监测空气质量、水质等环境指标，数据可能存在误差；•碳足迹计算：计算个人和企业的碳足迹，提供减排建议，建议的可行性有待提高；•资源优化：优化资源分配和利用，减少浪费，需要跨行业合作。请围绕这个场景提出一个具有深度和创新性的问题，并进行分析阐述。,,示例答案：如何利用AI技术构建一个循环经济生态系统，促进可持续发展？分析：1. 需求背景：传统经济模式资源浪费严重，需要转型为循环经济，AI技术可以提供支持；2. 技术方案：（1）使用AI优化资源分配和利用，减少浪费；（2）建立智能回收和再利用系统，提高资源利用率；（3）通过数据分析识别环保改进机会；（4）构建资源全生命周期管理平台；3. 创新点：将物联网和AI结合，实现实时监测和智能决策，促进资源循环利用；4. 实施挑战：需要跨行业合作，建立统一的标准和平台，确保数据的准确性和系统的可靠性；5. 社会价值：减少资源浪费，降低环境影响，促进可持续发展，建设美丽家园。
112,人工智能应用与创新能力,scenario,情景式问答,智能个人职业发展应用场景,个人使用AI工具辅助职业发展，具体功能包括：•简历优化：分析简历内容，提供优化建议，可能导致简历同质化；•面试模拟：模拟面试场景，提供反馈，对行业特定问题的准备不足；•职业规划：分析个人技能和市场需求，提供职业发展建议，建议的针对性有待提高；•技能培训：推荐学习资源，制定学习计划，缺乏对个人学习风格的考虑。请围绕这个场景提出一个具有深度和创新性的问题，并进行分析阐述。,,示例答案：如何利用AI技术辅助个人职业发展，同时保持职业独特性和竞争力？分析：1. 需求背景：职场竞争激烈，需要智能工具辅助职业发展，但要避免同质化和缺乏个性；2. 技术方案：（1）使用AI分析个人优势、兴趣和市场需求，提供个性化职业建议；（2）结合行业趋势和个人特质，制定差异化发展策略；（3）模拟真实面试场景，提供针对性反馈；（4）推荐符合个人学习风格的技能培训资源；3. 创新点：将个人品牌建设与AI辅助相结合，打造独特的职业形象；4. 实施挑战：需要高质量的职业数据，确保建议的准确性和时效性，避免过度依赖AI；5. 个人价值：提升职业竞争力，实现个人职业目标，同时保持职业独特性。
113,人工智能应用与创新能力,scenario,情景式问答,智能农业应用场景,农场使用AI技术优化农业生产，具体功能包括：•作物监测：通过无人机和传感器监测作物生长状况，预测病虫害风险，有时预测准确性有限；•智能灌溉：根据土壤湿度和天气情况，自动调节灌溉量，可能与实际作物需求存在差异；•收获预测：预测作物产量和收获时间，帮助安排收获计划，预测误差需要控制；•质量检测：检测农产品质量，分级筛选，对外观相似的次品识别能力不足。请围绕这个场景提出一个具有深度和创新性的问题，并进行分析阐述。,,示例答案：如何利用AI技术提高农业生产效率，同时保障农产品质量和安全？分析：1. 需求背景：传统农业生产效率低，受自然因素影响大，AI技术可以提供智能解决方案；2. 技术方案：（1）整合多源数据（气象、土壤、作物生长），建立精准农业模型；（2）使用机器学习算法优化种植、灌溉和收获决策；（3）实现从种植到收获的全流程智能管理；3. 创新点：将AI与物联网、无人机等技术结合，实现农业生产的智能化和精准化；4. 实施挑战：需要适应不同地区的土壤和气候条件，确保系统的可靠性和适应性；5. 农业价值：提高农业生产效率，减少资源浪费，保障农产品质量和安全，促进农业可持续发展。
114,人工智能应用与创新能力,scenario,情景式问答,智能零售应用场景,商场使用AI技术提升零售体验，具体功能包括：•智能推荐：根据顾客购物历史和行为，推荐商品，可能存在过度推荐的情况；•库存管理：实时监测库存水平，预测补货需求，预测准确性需要提高；•客流分析：分析商场客流分布，优化店铺布局，对突发客流变化的响应能力有限；•自助结账：AI识别商品，实现自助结账，对复杂商品的识别能力不足。请围绕这个场景提出一个具有深度和创新性的问题，并进行分析阐述。,,示例答案：如何设计一个智能零售系统，平衡个性化服务和顾客隐私保护？分析：1. 需求背景：AI技术可以提升零售体验，但需要收集顾客数据，可能涉及隐私问题；2. 技术方案：（1）使用联邦学习技术，在保护隐私的前提下分析顾客行为；（2）设计透明的数据使用政策，获得顾客知情同意；（3）提供个性化服务的同时，尊重顾客的选择权；3. 创新点：将隐私保护设计融入系统架构，实现个性化服务与隐私保护的平衡；4. 实施挑战：需要技术创新和法规合规，确保系统的安全性和可靠性；5. 商业价值：提升顾客体验，增加销售额，同时建立顾客信任，促进零售行业的可持续发展。
115,人工智能应用与创新能力,scenario,情景式问答,智能交通应用场景,城市使用AI技术优化交通管理，具体功能包括：•智能信号灯：根据交通流量自动调整信号灯配时，减少拥堵，对突发情况的处理能力有限；•交通预测：预测交通状况，提供路线建议，预测准确性受多种因素影响；•违章识别：AI识别交通违章行为，自动取证，可能存在误判情况；•公共交通优化：优化公交线路和发车频率，提高公共交通效率，需要考虑多种因素。请围绕这个场景提出一个具有深度和创新性的问题，并进行分析阐述。,,示例答案：如何设计一个智能交通系统，提高交通效率，同时减少环境污染？分析：1. 需求背景：城市交通拥堵严重，环境污染问题突出，需要智能解决方案；2. 技术方案：（1）整合交通流量、气象、事件等多源数据，建立智能交通模型；（2）优化信号灯配时和路线规划，减少车辆怠速时间；（3）鼓励公共交通和绿色出行，优化交通结构；3. 创新点：将交通管理与环保目标相结合，实现交通效率和环境质量的双赢；4. 实施挑战：需要协调不同交通参与者的需求，确保系统的公平性和可靠性；5. 社会价值：减少交通拥堵，降低碳排放，改善城市环境质量，提升居民生活品质。
116,人工智能应用与创新能力,scenario,情景式问答,智能医疗应用场景,医院使用AI技术辅助医疗服务，具体功能包括：•医学影像分析：AI辅助分析CT、MRI等医学影像，提高诊断效率，可能存在误诊风险；•智能问诊：AI根据患者症状提供初步诊断建议，对复杂病情的处理能力有限；•药物推荐：根据患者病情和病史，推荐治疗方案，需要医生最终确认；•患者管理：监测患者病情变化，提醒医生关注高风险患者，对特殊情况的识别能力不足。请围绕这个场景提出一个具有深度和创新性的问题，并进行分析阐述。,,示例答案：如何设计一个安全、可靠的AI医疗辅助系统，提升医疗质量和效率？分析：1. 需求背景：医疗资源紧张，AI技术可以辅助医生提高诊断效率和准确性，但需要确保安全性和可靠性；2. 技术方案：（1）使用高质量的医学数据训练AI模型，确保模型的准确性；（2）设计可解释的AI系统，让医生理解AI的决策过程；（3）建立人类监督机制，确保AI建议经过医生审核；3. 创新点：将AI与医生的专业知识相结合，实现人机协作的医疗模式；4. 实施挑战：需要解决数据隐私、模型可解释性和临床验证等问题；5. 医疗价值：提高医疗诊断效率和准确性，减少医疗错误，改善患者 outcomes，缓解医疗资源紧张问题。
117,人工智能应用与创新能力,scenario,情景式问答,智能教育应用场景,教育机构使用AI技术提升教育质量，具体功能包括：•个性化学习：根据学生学习数据，提供个性化学习内容，对学习风格的适应能力有限；•智能评估：自动评估学生作业和考试，对主观题的评估准确性有待提高；•学习分析：分析学生学习行为，识别学习困难，提供针对性建议，建议的有效性需要验证；•虚拟导师：提供24/7学习支持，回答学生问题，对复杂问题的解答能力不足。请围绕这个场景提出一个具有深度和创新性的问题，并进行分析阐述。,,示例答案：如何利用AI技术实现真正的个性化教育，促进每个学生的全面发展？分析：1. 需求背景：传统教育难以满足学生的个性化需求，AI技术有潜力提供定制化的学习体验；2. 技术方案：（1）使用机器学习算法分析学生的学习数据、学习风格和兴趣；（2）结合教育心理学理论，设计个性化的学习路径和内容；（3）实现动态调整的学习进度和难度；3. 创新点：将AI与教师的指导相结合，实现人机协同的教育模式；4. 实施挑战：需要高质量的学习数据，确保算法的公平性和准确性，避免过度依赖技术；5. 教育价值：促进每个学生的个性化发展，提高学习效率和效果，培养学生的自主学习能力和创新思维。
118,人工智能应用与创新能力,scenario,情景式问答,智能金融应用场景,银行使用AI技术优化金融服务，具体功能包括：•智能客服：回答客户问题，处理简单业务，对复杂问题的处理能力有限；•风险评估：评估贷款和投资风险，提供风险等级，可能存在误判情况；•欺诈检测：识别欺诈交易，及时预警，对新型欺诈手法的识别能力不足；•个性化理财：根据客户财务状况和风险偏好，推荐理财方案，建议的客观性需要保证。请围绕这个场景提出一个具有深度和创新性的问题，并进行分析阐述。,,示例答案：如何设计一个安全、透明的AI金融服务系统，保护客户利益？分析：1. 需求背景：金融服务需要高度的安全性和透明度，AI技术可以提高效率，但需要确保客户利益；2. 技术方案：（1）使用可解释的AI模型，让客户理解金融决策的依据；（2）建立严格的风险控制机制，防止AI决策失误；（3）设计透明的数据使用政策，保护客户隐私；3. 创新点：将金融专业知识与AI技术相结合，实现智能与安全的平衡；4. 实施挑战：需要符合金融监管要求，确保系统的安全性和可靠性；5. 金融价值：提高金融服务效率，降低服务成本，保护客户利益，促进金融行业的健康发展。
119,人工智能应用与创新能力,scenario,情景式问答,智能旅游应用场景,旅游行业使用AI技术提升旅游体验，具体功能包括：•智能规划：根据用户偏好，生成个性化旅游路线，对当地实际情况的考虑可能不足；•景点推荐：推荐旅游景点，可能存在商业化推荐的情况；•智能导览：提供景点讲解，对历史文化的解读深度有限；•旅行助手：协助预订机票、酒店等，对突发情况的处理能力不足。请围绕这个场景提出一个具有深度和创新性的问题，并进行分析阐述。,,示例答案：如何利用AI技术提升旅游体验，同时保护旅游目的地的文化和环境？分析：1. 需求背景：旅游体验需要个性化和便捷性，同时需要保护旅游目的地的可持续发展；2. 技术方案：（1）结合用户偏好和目的地承载能力，生成可持续的旅游路线；（2）提供深度的文化和历史解读，增强旅游的教育价值；（3）实时监测旅游流量，避免过度拥挤；3. 创新点：将旅游体验与可持续发展目标相结合，实现旅游的经济、社会和环境效益；4. 实施挑战：需要平衡商业利益和可持续发展，确保AI推荐的客观性和准确性；5. 旅游价值：提升旅游体验的质量和深度，促进旅游目的地的可持续发展，保护文化遗产和自然环境。
120,人工智能应用与创新能力,scenario,情景式问答,智能制造业应用场景,工厂使用AI技术优化生产流程，具体功能包括：•预测性维护：预测设备故障，减少停机时间，预测准确性需要提高；•质量控制：自动检测产品质量，识别缺陷，对复杂缺陷的识别能力有限；•生产优化：优化生产计划和调度，提高生产效率，对突发情况的响应能力不足；•供应链管理：优化供应链，减少库存，需要协调多个环节。请围绕这个场景提出一个具有深度和创新性的问题，并进行分析阐述。,,示例答案：如何利用AI技术实现智能制造，提高生产效率和产品质量？分析：1. 需求背景：传统制造业面临效率低下、质量不稳定等问题，AI技术可以提供智能解决方案；2. 技术方案：（1）整合生产设备、传感器和ERP系统的数据，建立智能生产模型；（2）使用机器学习算法优化生产流程和质量控制；（3）实现从原材料到成品的全流程智能管理；3. 创新点：将AI与物联网、工业机器人等技术结合，实现柔性制造和智能决策；4. 实施挑战：需要改造现有生产设备，确保系统的可靠性和安全性，培训员工适应新的生产模式；5. 制造价值：提高生产效率，降低生产成本，提升产品质量，增强企业竞争力，促进制造业的转型升级。
121,人工智能应用与创新能力,scenario,情景式问答,智能媒体应用场景,媒体行业使用AI技术提升内容创作和分发，具体功能包括：•内容生成：AI生成新闻、文章等内容，可能缺乏深度和原创性；•内容推荐：根据用户兴趣推荐内容，可能导致信息茧房；•虚假信息检测：识别虚假信息，对新型虚假信息的识别能力有限；•受众分析：分析受众行为，优化内容策略，对受众需求的理解可能不够深入。请围绕这个场景提出一个具有深度和创新性的问题，并进行分析阐述。,,示例答案：如何利用AI技术提升媒体内容的质量和多样性，同时避免信息茧房？分析：1. 需求背景：媒体行业面临内容同质化、信息茧房等问题，AI技术可以提供解决方案，但需要平衡个性化和多样性；2. 技术方案：（1）使用AI辅助内容创作，提高内容生产效率，同时保持人类的创意和深度；（2）设计多样化的推荐算法，平衡用户兴趣和内容多样性；（3）建立内容审核机制，确保信息的真实性和准确性；3. 创新点：将AI与人类编辑的专业知识相结合，实现智能与人文的平衡；4. 实施挑战：需要解决内容版权、算法透明度等问题，确保媒体的社会责任；5. 媒体价值：提升内容质量和多样性，满足受众的信息需求，促进媒体行业的健康发展。
122,人工智能应用与创新能力,scenario,情景式问答,智能法律应用场景,法律行业使用AI技术辅助法律服务，具体功能包括：•法律研究：自动检索法律案例和法规，提高研究效率，对复杂法律问题的理解有限；•合同分析：分析合同条款，识别风险，对特殊条款的解读可能不够准确；•法律文书生成：生成法律文书，需要律师最终审核；•案件预测：预测案件结果，提供参考，预测准确性需要验证。请围绕这个场景提出一个具有深度和创新性的问题，并进行分析阐述。,,示例答案：如何设计一个智能法律辅助系统，提高法律服务效率，同时确保法律的公正性和准确性？分析：1. 需求背景：法律服务需要专业知识和大量研究，AI技术可以提高效率，但需要确保法律的专业性和公正性；2. 技术方案：（1）使用高质量的法律数据训练AI模型，确保模型的准确性；（2）设计可解释的AI系统，让律师理解AI的分析过程；（3）建立律师监督机制，确保AI建议经过专业审核；3. 创新点：将AI与律师的专业知识相结合，实现人机协同的法律服务模式；4. 实施挑战：需要解决法律数据的获取和更新，确保系统的合法性和可靠性；5. 法律价值：提高法律服务效率，降低法律服务成本，确保法律的公正性和准确性，促进法律行业的发展。
123,人工智能应用与创新能力,scenario,情景式问答,智能体育应用场景,体育行业使用AI技术提升训练和比赛体验，具体功能包括：•表现分析：分析运动员表现，提供改进建议，对心理因素的考虑不足；•运动损伤预防：预测运动损伤风险，提供预防建议，预测准确性需要提高；•比赛策略：分析比赛数据，制定比赛策略，对对手变化的适应能力有限；•球迷互动：增强球迷体验，提供个性化内容，可能存在信息过载的情况。请围绕这个场景提出一个具有深度和创新性的问题，并进行分析阐述。,,示例答案：如何利用AI技术提升体育训练和比赛水平，同时保护运动员的健康和权益？分析：1. 需求背景：体育训练和比赛需要科学的方法和数据分析，AI技术可以提供支持，但需要关注运动员的健康和权益；2. 技术方案：（1）使用传感器和AI分析运动员的生理和技术数据，提供个性化训练方案；（2）监测运动员的身体状况，预防运动损伤；（3）分析比赛数据，优化比赛策略；3. 创新点：将AI与体育科学、运动医学相结合，实现科学训练和健康管理；4. 实施挑战：需要平衡技术应用和人性化关怀，确保数据的隐私保护；5. 体育价值：提高运动员的训练效果和比赛水平，保护运动员的健康，提升体育比赛的观赏性和公平性。
124,人工智能应用与创新能力,scenario,情景式问答,智能太空探索应用场景,航天领域使用AI技术辅助太空探索，具体功能包括：•自主导航：自主导航和避障，对未知环境的适应能力有限；•数据分析：分析太空数据，发现科学发现，对复杂数据的解读能力不足；•生命支持：监测和优化生命支持系统，确保宇航员安全，系统可靠性需要验证；•任务规划：规划太空任务，优化资源分配，对突发情况的处理能力有限。请围绕这个场景提出一个具有深度和创新性的问题，并进行分析阐述。,,示例答案：如何利用AI技术提高太空探索的安全性和效率，同时拓展人类对宇宙的认识？分析：1. 需求背景：太空探索面临高风险、高成本和复杂环境的挑战，AI技术可以提供智能解决方案；2. 技术方案：（1）使用AI实现航天器的自主导航和决策，减少地面控制依赖；（2）分析海量太空数据，发现科学规律和潜在危险；（3）优化生命支持系统，确保宇航员的安全和健康；3. 创新点：将AI与航天技术相结合，实现智能化的太空探索；4. 实施挑战：需要确保AI系统在极端环境下的可靠性，处理通信延迟等问题；5. 科学价值：提高太空探索的安全性和效率，拓展人类对宇宙的认识，为人类的太空探索和殖民奠定基础。
125,人工智能应用与创新能力,scenario,情景式问答,智能艺术创作应用场景,艺术领域使用AI技术辅助艺术创作，具体功能包括：• AI绘画：根据文字描述生成图像，可能缺乏情感和创意深度；• AI音乐：生成音乐作品，对音乐情感表达的能力有限；• AI文学：生成小说、诗歌等文学作品，可能缺乏人文内涵；•艺术品鉴定：鉴定艺术品真伪，对高仿品的识别能力不足。请围绕这个场景提出一个具有深度和创新性的问题，并进行分析阐述。,,示例答案：如何看待AI在艺术创作中的角色，如何平衡技术创新和艺术的人文价值？分析：1. 需求背景：AI技术在艺术创作中的应用越来越广泛，引发了关于艺术本质和创作主体的讨论；2. 技术考量：（1）AI可以辅助艺术家提高创作效率，拓展创作可能性；（2）AI生成的作品可能缺乏人类的情感体验和文化背景；（3）AI艺术引发了关于版权和原创性的问题；3. 解决方案：（1）将AI作为艺术家的创作工具，而非替代者；（2）建立AI艺术的评价标准，关注作品的创意和内涵；（3）制定AI艺术的版权法规，保护创作者的权益；4. 艺术价值：AI技术可以为艺术创作带来新的可能性，同时人类的情感、创意和文化背景仍然是艺术的核心，两者的结合可以创造出更丰富的艺术作品。
126,人工智能应用与创新能力,scenario,情景式问答,智能气象应用场景,气象部门使用AI技术提升气象预测和服务，具体功能包括：•天气预报：预测天气变化，提高预测准确性，对极端天气的预测能力需要加强；•气候建模：模拟气候变化，预测长期气候趋势，模型的可靠性需要验证；•灾害预警：预警自然灾害，及时发布预警信息，预警的及时性和准确性需要提高；•个性化天气服务：提供个性化的天气服务，满足不同用户的需求。请围绕这个场景提出一个具有深度和创新性的问题，并进行分析阐述。,,示例答案：如何利用AI技术提高气象预测的准确性和及时性，增强应对极端天气的能力？分析：1. 需求背景：气象预测对人类的生产生活至关重要，极端天气事件的频率增加，需要更准确、及时的预测；2. 技术方案：（1）整合多源气象数据（卫星、地面站、雷达等），建立高精度的气象模型；（2）使用深度学习算法提高预测准确性，特别是对极端天气的预测；（3）实现实时数据处理和分析，提高预警的及时性；3. 创新点：将AI与气象学相结合，实现智能化的气象预测和服务；4. 实施挑战：需要处理海量气象数据，确保模型的可靠性和实时性；5. 社会价值：提高气象预测的准确性和及时性，增强应对极端天气的能力，减少自然灾害的损失，保障人类的生命财产安全。
127,人工智能应用与创新能力,scenario,情景式问答,智能语言翻译应用场景,语言服务行业使用AI技术提供翻译服务，具体功能包括：•实时翻译：实时翻译对话，对专业术语和文化差异的处理能力有限；•文档翻译：翻译文档，对格式和排版的处理需要人工调整；•语言学习：辅助语言学习，提供翻译和发音指导，对语言文化背景的介绍不足；•跨文化交流：促进跨文化交流，减少语言障碍，对文化差异的敏感度需要提高。请围绕这个场景提出一个具有深度和创新性的问题，并进行分析阐述。,,示例答案：如何利用AI技术提高跨语言交流的质量和效果，促进不同文化之间的理解？分析：1. 需求背景：全球化进程中，跨语言交流的需求日益增长，AI翻译技术可以提供支持，但需要考虑文化差异和语言的复杂性；2. 技术方案：（1）使用多语言语料库训练AI模型，提高翻译的准确性和流畅度；（2）融入文化背景知识，提高翻译的文化适应性；（3）开发实时、多模态的翻译系统，支持语音、文本和图像的翻译；3. 创新点：将AI与语言学、跨文化交际学相结合，实现更准确、文化敏感的翻译；4. 实施挑战：需要处理语言的歧义性和文化的多样性，确保翻译的准确性和恰当性；5. 文化价值：促进不同语言和文化之间的交流与理解，减少文化障碍，推动全球化进程中的文化多样性。
128,人工智能应用与创新能力,scenario,情景式问答,智能能源网格应用场景,能源行业使用AI技术优化能源网格管理，具体功能包括：•需求预测：预测能源需求，优化能源分配，预测准确性需要提高；•电网稳定性：监测电网状态，维持电网稳定，对突发故障的处理能力有限；•可再生能源整合：优化可再生能源的接入和管理，提高可再生能源的利用率；•能源盗窃检测：识别能源盗窃行为，减少能源损失，对新型盗窃手法的识别能力不足。请围绕这个场景提出一个具有深度和创新性的问题，并进行分析阐述。,,示例答案：如何利用AI技术构建智能能源网格，提高能源利用效率，促进可再生能源的发展？分析：1. 需求背景：传统能源网格面临效率低下、可再生能源接入困难等问题，需要智能解决方案；2. 技术方案：（1）使用AI预测能源需求和供应，优化能源分配；（2）实时监测电网状态，快速响应故障和波动；（3）优化可再生能源的预测和调度，提高其在能源结构中的比例；3. 创新点：将AI与物联网、智能设备相结合，实现能源网格的智能化和去中心化；4. 实施挑战：需要协调不同能源来源和用户需求，确保系统的可靠性和安全性；5. 能源价值：提高能源利用效率，减少能源浪费，促进可再生能源的发展，应对气候变化，实现能源的可持续发展。
129,人工智能应用与创新能力,scenario,情景式问答,智能太空垃圾清理应用场景,航天领域使用AI技术辅助太空垃圾清理，具体功能包括：•垃圾检测：检测和跟踪太空垃圾，对小尺寸垃圾的检测能力有限；•碰撞避免：预测碰撞风险，避免航天器与垃圾碰撞，预测准确性需要提高；•清理任务规划：规划垃圾清理任务，优化清理策略，需要考虑多种因素；•垃圾移除：自主执行垃圾清理操作，对复杂操作的执行能力有限。请围绕这个场景提出一个具有深度和创新性的问题，并进行分析阐述。,,示例答案：如何利用AI技术有效清理太空垃圾，保障太空环境的安全和可持续性？分析：1. 需求背景：太空垃圾数量不断增加，威胁航天器和宇航员的安全，需要有效的清理方案；2. 技术方案：（1）使用AI提高太空垃圾的检测和跟踪能力，特别是小尺寸垃圾；（2）优化清理任务规划，提高清理效率；（3）开发自主清理系统，减少人工干预；3. 创新点：将AI与航天技术相结合，实现智能化的太空垃圾清理；4. 实施挑战：需要解决空间环境的复杂性、通信延迟等问题，确保清理操作的安全性；5. 太空价值：减少太空垃圾，保障太空环境的安全，为未来的太空探索和利用创造良好条件，促进太空活动的可持续发展。
1,人工智能意识,single,单项选择题,下列日常应用中，核心使用了人工智能技术的是（  ）,"普通机械门锁,智能音箱语音点播歌曲,手动开关台灯,有线鼠标控制电脑",B,智能音箱的语音点播核心使用了语音识别与自然语言处理技术，属于人工智能典型应用；其他选项均为普通机械/电子设备，未使用人工智能技术。
2,人工智能意识,single,单项选择题,我们使用手机“拍照识物”功能识别花草名称，核心用到的人工智能技术是（  ）,"图像识别技术,蓝牙传输技术,语音识别技术,数据加密技术",A,拍照识物的核心是通过计算机视觉技术识别图片中的物体特征，属于人工智能的图像识别技术范畴。
3,人工智能意识,single,单项选择题,下列功能中，主要使用了语音识别技术的是（  ）,"手机将用户说的话转换成文字,手机将文字内容朗读出来,手机拍摄文档识别其中的文字,手机连接蓝牙音箱播放音频",A,语音识别技术的核心是“语音转文字”，将人类的语音信号转换为可编辑的文字内容；文字转语音属于语音合成技术，文档识别属于图像识别技术。
4,人工智能意识,single,单项选择题,下列场景中，没有使用人工智能技术的是（  ）,"导航软件根据实时路况推荐最优路线,超市自助收银机扫码结算商品,AI绘画工具根据文字描述生成图片,智能翻译笔实时翻译外语对话",B,普通扫码结算仅使用了条码识别的基础技术，未涉及人工智能的机器学习、智能决策等核心能力；其他选项均为人工智能的典型应用。
5,人工智能意识,single,单项选择题,我们常用的“语音转文字”功能，核心属于人工智能的哪项技术范畴（  ）,"自然语言处理,3D打印技术,虚拟现实技术,区块链技术",A,语音转文字、机器翻译、智能问答等功能，均属于人工智能自然语言处理（NLP）技术的核心应用场景。
6,人工智能意识,single,单项选择题,下列关于人工智能的说法，正确的是（  ）,"人工智能就是能自动运行的电脑程序,人工智能是模拟、延伸和扩展人类智能的技术科学,所有带芯片的设备都属于人工智能产品,人工智能技术只能在手机和电脑上使用",B,人工智能是一门旨在模拟、延伸和扩展人类智能的技术科学，涵盖机器学习、计算机视觉、自然语言处理等多个分支；并非所有自动程序、带芯片设备都属于人工智能，其应用场景也覆盖了工业、医疗、交通等多个领域。
7,人工智能意识,single,单项选择题,下列功能中，核心使用了语音合成技术的是（  ）,"语音助手听懂用户的指令,导航软件播报实时路况,微信语音转文字,录音笔录制会议内容",B,语音合成技术的核心是“文字转语音”，将文字内容转换为人类可听懂的语音；导航播报路况是典型的语音合成应用，其他选项主要使用语音识别技术。
8,人工智能意识,single,单项选择题,下列产品中，不属于人工智能应用的是（  ）,"能自动避障的智能扫地机器人,能识别车牌的停车场道闸系统,能定时煮饭的普通电饭煲,能批改作业的AI教学系统",C,普通定时电饭煲仅执行预设的定时程序，没有机器学习、智能决策的人工智能能力；其他选项均使用了人工智能的相关技术。
9,人工智能意识,single,单项选择题,我们使用OCR工具识别图片中的文字，核心用到的人工智能技术是（  ）,"图像识别技术,语音识别技术,自然语言处理技术,数据压缩技术",A,OCR（光学字符识别）的核心是通过图像识别技术，提取图片中的文字信息，属于人工智能计算机视觉领域的典型应用。
10,人工智能意识,single,单项选择题,下列场景中，同时用到了图像识别和语音识别技术的是（  ）,"智能门禁刷脸开门，同时支持语音指令“开门”,智能音箱根据语音指令播放音乐,拍照识花APP识别植物后显示名称,翻译笔扫描文字后翻译成英文",A,刷脸开门使用了图像识别技术，识别语音指令使用了语音识别技术，同时用到了两种核心技术；其他选项仅使用了单一技术。
11,人工智能意识,single,单项选择题,AI绘画工具根据用户输入的文字描述生成图片，核心用到的人工智能技术是（  ）,"自然语言处理+图像生成技术,语音识别+图像识别技术,数据加密+3D建模技术,蓝牙传输+虚拟现实技术",A,AI绘画工具首先通过自然语言处理理解用户的文字描述，再通过图像生成技术生成对应的图片，是两种AI技术的融合应用。
12,人工智能意识,single,单项选择题,下列关于人工智能发展的说法，正确的是（  ）,"人工智能技术已经完全成熟，不会再发展,人工智能技术的发展需要持续关注和学习,人工智能技术只会应用在互联网行业,小学生不需要关注人工智能的发展",B,人工智能技术正处于快速发展阶段，应用场景不断拓展，需要我们持续关注和学习；中小学阶段是培养人工智能意识的关键时期，AI技术已渗透到各行各业。
13,人工智能意识,single,单项选择题,下列哪项功能，不属于人工智能在生活中的典型应用（  ）,"短视频平台的个性化内容推荐,垃圾邮件自动过滤,手动调节空调温度,输入法的智能联想词功能",C,手动调节空调温度是人类的手动操作，未使用人工智能技术；个性化推荐、垃圾邮件过滤、智能联想均是人工智能机器学习的典型应用。
14,人工智能意识,single,单项选择题,智能客服能自动回复用户的问题，核心用到的人工智能技术是（  ）,"自然语言处理技术,图像识别技术,语音合成技术,数据加密技术",A,智能客服需要理解用户的问题语义，并生成对应的回复，核心依赖自然语言处理技术实现。
15,人工智能意识,single,单项选择题,下列关于人工智能与传统程序的区别，说法正确的是（  ）,"人工智能能从数据中学习，优化自身表现，传统程序只能按预设规则执行,人工智能和传统程序没有区别，都是电脑代码,传统程序能自主学习，人工智能不能,人工智能比传统程序运行速度更快",A,人工智能与传统程序的核心区别在于，AI具备从数据中自主学习、优化自身表现的能力，而传统程序只能严格按照人类预设的固定规则执行。
16,人工智能意识,single,单项选择题,下列场景中，用到了自然语言处理技术的是（  ）,"AI翻译工具将中文翻译成英文,手机拍摄照片自动美颜,智能手表监测运动步数,蓝牙音箱播放音频",A,机器翻译是自然语言处理技术最核心的应用场景之一，核心是让机器理解并转换人类的语言。
17,人工智能意识,single,单项选择题,自动驾驶汽车能识别交通信号灯、道路标识，核心用到的人工智能技术是（  ）,"图像识别技术,语音识别技术,数据压缩技术,语音合成技术",A,自动驾驶汽车识别交通信号灯、道路标识，需要通过摄像头采集图像，并通过图像识别技术解析图像内容，属于计算机视觉的核心应用。
18,人工智能意识,single,单项选择题,下列关于人工智能的说法，错误的是（  ）,"人工智能技术已经渗透到我们生活的方方面面,人工智能技术的应用需要遵守法律法规,人工智能技术只会给人类带来好处，没有任何风险,识别生活中的AI应用，是学习人工智能的第一步",C,人工智能技术是一把双刃剑，在给人类带来便利的同时，也存在隐私泄露、算法偏见、虚假信息等风险，需要我们理性看待和规范使用。
19,人工智能意识,single,单项选择题,下列功能中，属于人工智能在教育领域应用的是（  ）,"AI作业批改系统自动批改学生作业,黑板书写板书,纸质课本阅读,手动批改作业",A,AI作业批改系统通过图像识别、自然语言处理技术自动批改作业，是人工智能在教育领域的典型应用。
20,人工智能意识,single,单项选择题,我们使用手机的人脸解锁功能，核心用到的人工智能技术是（  ）,"图像识别技术,语音识别技术,自然语言处理技术,数据加密技术",A,人脸解锁的核心是通过图像识别技术，提取人脸的特征信息并与预存信息比对，属于人工智能计算机视觉领域的应用。
21,人工智能意识,single,单项选择题,下列场景中，没有使用人工智能技术的是（  ）,"智能垃圾分类机器人识别垃圾种类,普通洗衣机按预设程序洗衣服,AI助手回答用户的问题,美颜相机自动识别人脸优化五官",B,普通洗衣机按预设程序洗衣服，仅执行固定的机械流程，没有人工智能的学习和决策能力；其他选项均使用了AI相关技术。
22,人工智能意识,single,单项选择题,下列技术中，不属于人工智能核心技术的是（  ）,"机器学习,计算机视觉,自然语言处理,机械加工技术",D,人工智能的三大核心技术是机器学习、计算机视觉、自然语言处理；机械加工技术属于传统制造领域，不属于人工智能技术。
23,人工智能意识,single,单项选择题,智能电网能根据用户用电习惯自动调节供电负荷，核心用到的人工智能技术是（  ）,"数据分析与智能决策技术,图像识别技术,语音识别技术,语音合成技术",A,智能电网通过分析用户的用电数据，自主做出供电负荷的调节决策，核心使用了人工智能的数据分析与智能决策技术。
24,人工智能意识,single,单项选择题,下列关于人工智能的说法，正确的是（  ）,"人工智能是一门跨学科的技术科学，涉及计算机、数学、心理学等多个领域,人工智能只能模拟人类的视觉能力,人工智能技术只能由专业的科学家使用,人工智能的发展会完全取代人类的工作",A,人工智能是一门高度跨学科的技术科学，融合了计算机科学、数学、心理学、神经科学等多个学科的知识；其应用覆盖了人类能力的多个维度，普通人也可以便捷使用，其发展更多是辅助人类工作，而非完全取代。
25,人工智能意识,single,单项选择题,下列功能中，核心使用了机器学习技术的是（  ）,"电商平台根据用户购物习惯推荐商品,手电筒按开关亮灯,手动计算器计算加减乘除,有线耳机传输音频",A,电商个性化推荐通过机器学习算法，从用户的行为数据中学习偏好规律，实现精准推荐，是机器学习的典型应用。
26,人工智能意识,single,单项选择题,下列场景中，属于人工智能在医疗领域应用的是（  ）,"AI辅助诊断系统识别医学影像中的病灶,体温计测量体温,手动填写病历,普通口罩防护病毒",A,AI辅助诊断系统通过图像识别技术分析医学影像，辅助医生发现病灶，是人工智能在医疗领域的核心应用。
27,人工智能意识,single,单项选择题,我们使用输入法的语音输入功能，核心用到的人工智能技术是（  ）,"语音识别技术,图像识别技术,自然语言处理技术,数据加密技术",A,输入法语音输入的核心是将用户的语音转换为文字，属于语音识别技术的典型应用。
28,人工智能意识,single,单项选择题,下列关于人工智能技术的说法，错误的是（  ）,"图像识别技术只能识别静态图片，无法识别动态视频,语音识别技术能识别不同口音的人类语言,自然语言处理技术能让机器理解人类的文字和语言,机器学习是人工智能的核心分支之一",A,图像识别技术不仅能识别静态图片，也能通过帧处理技术识别动态视频中的内容，广泛应用于安防监控、自动驾驶等场景。
29,人工智能意识,single,单项选择题,下列产品中，属于人工智能应用的是（  ）,"能跟随用户拍摄的智能跟拍云台,普通三脚架,手动相机,有线麦克风",A,智能跟拍云台通过图像识别技术识别人物特征，实现自动跟随拍摄，属于人工智能的应用；其他选项均为普通摄影器材，无AI能力。
30,人工智能意识,single,单项选择题,培养人工智能意识的核心是（  ）,"能识别生活中的AI应用，理解AI的基本价值，主动关注技术发展,能编写复杂的AI代码,能训练大型AI模型,能发明全新的AI算法",A,中小学阶段培养人工智能意识的核心，是能识别生活中的AI应用、理解AI的基本价值、主动关注技术发展，而非掌握专业的代码编写、模型训练能力。
31,人工智能意识,multiple,多项选择题,下列日常场景中，使用了人工智能技术的有（  ）,"手机指纹解锁,智能客服自动回复用户问题,自动驾驶汽车自动避障,普通电风扇定时开关","A,B,C",手机指纹解锁使用了图像识别技术，智能客服使用了自然语言处理技术，自动驾驶自动避障使用了图像识别与智能决策技术，均属于AI应用；普通定时风扇仅执行预设程序，无AI能力。
32,人工智能意识,multiple,多项选择题,下列技术中，属于人工智能基础核心技术的有（  ）,"图像识别技术,语音识别技术,自然语言处理技术,机械传动技术","A,B,C",图像识别、语音识别、自然语言处理均是人工智能的核心基础技术；机械传动技术属于传统机械领域，不属于AI技术。
33,人工智能意识,multiple,多项选择题,下列场景中，使用了图像识别技术的有（  ）,"停车场车牌识别系统,人脸识别门禁,拍照识花APP,语音助手播放音乐","A,B,C",车牌识别、人脸识别、拍照识花均是图像识别技术的典型应用；语音助手播放音乐使用了语音识别技术，未使用图像识别。
34,人工智能意识,multiple,多项选择题,下列场景中，使用了自然语言处理技术的有（  ）,"AI翻译工具,智能问答助手,文章自动摘要工具,智能扫地机器人","A,B,C",机器翻译、智能问答、文章自动摘要均属于自然语言处理技术的核心应用场景；智能扫地机器人主要使用了路径规划与图像识别技术。
35,人工智能意识,multiple,多项选择题,下列关于人工智能的说法，正确的有（  ）,"人工智能技术已经融入我们的日常生活,人工智能的发展需要全社会的共同关注,人工智能是模拟人类智能的技术科学,人工智能技术只会给人类带来便利，没有任何风险","A,B,C",人工智能技术已全面融入日常生活，是模拟人类智能的技术科学，其发展需要全社会共同关注；同时AI技术也存在隐私泄露、算法偏见等风险，需要理性看待。
36,人工智能意识,multiple,多项选择题,下列属于人工智能在教育领域应用的有（  ）,"AI作业批改系统,AI个性化学习推荐系统,AI虚拟助教,纸质作业本","A,B,C",AI作业批改、个性化学习推荐、虚拟助教均是人工智能在教育领域的典型应用；纸质作业本是传统教学工具，与AI无关。
37,人工智能意识,multiple,多项选择题,下列场景中，同时用到了语音识别和语音合成技术的有（  ）,"智能语音助手：听懂指令并语音回复,智能翻译机：识别语音并翻译成语音输出,录音笔：录制语音并保存,有声书APP：将文字朗读成语音","A,B",智能语音助手和翻译机，既需要通过语音识别听懂用户的语音，又需要通过语音合成输出回复/翻译内容，同时用到了两种技术；录音笔仅录制语音，有声书仅使用语音合成技术。
38,人工智能意识,multiple,多项选择题,下列属于人工智能在交通领域应用的有（  ）,"自动驾驶汽车,交通信号灯智能调控系统,违章行为AI识别系统,普通自行车","A,B,C",自动驾驶、智能交通调控、违章AI识别均是人工智能在交通领域的典型应用；普通自行车属于传统交通工具，无AI能力。
39,人工智能意识,multiple,多项选择题,下列关于语音识别和语音合成的说法，正确的有（  ）,"语音识别是“语音转文字”，语音合成是“文字转语音”,二者都属于人工智能的核心技术,语音识别和语音合成是同一种技术,二者都广泛应用在智能设备中","A,B,D",语音识别（语音转文字）和语音合成（文字转语音）是两种不同的人工智能技术，均属于智能语音领域的核心技术，广泛应用于各类智能设备中。
40,人工智能意识,multiple,多项选择题,培养人工智能意识，需要做到（  ）,"主动识别生活中的人工智能应用,了解人工智能的基本价值和作用,关注人工智能技术的发展动态,完全拒绝人工智能技术的使用","A,B,C",培养人工智能意识，需要我们主动识别AI应用、了解AI价值、关注技术发展，理性使用AI技术，而非完全拒绝。
41,人工智能意识,judge,判断题,所有能自动运行的程序都属于人工智能技术。（  ）,"正确,错误",B,只有具备自主学习、智能决策能力的程序才属于人工智能技术；普通的自动运行程序仅执行预设固定规则，不属于人工智能。
42,人工智能意识,judge,判断题,智能手表的心率监测功能一定使用了人工智能技术。（  ）,"正确,错误",B,普通心率监测仅通过传感器采集生理数据，未使用人工智能技术；只有具备心率异常智能分析、疾病风险预测等能力的功能，才用到了AI技术。
43,人工智能意识,judge,判断题,语音合成技术的核心是将文字转换成人类能听懂的语音。（  ）,"正确,错误",A,语音合成技术（TTS）的核心就是将文字内容转换为自然流畅的人类语音，是人工智能智能语音领域的核心技术之一。
44,人工智能意识,judge,判断题,我们日常使用的输入法联想词功能，用到了人工智能技术。（  ）,"正确,错误",A,输入法的智能联想词功能，通过机器学习算法学习用户的输入习惯和语言规律，实现精准联想，属于人工智能技术的应用。
45,人工智能意识,judge,判断题,人工智能技术只能在高端电子设备上使用，普通设备无法应用。（  ）,"正确,错误",B,人工智能技术的应用场景非常广泛，小到智能音箱、智能门锁等普通家用设备，大到工业设备、自动驾驶汽车，均可以应用AI技术。
46,人工智能意识,judge,判断题,图像识别技术是人工智能计算机视觉领域的核心技术之一。（  ）,"正确,错误",A,计算机视觉是人工智能的核心分支，而图像识别技术是计算机视觉领域最基础、最核心的技术之一。
47,人工智能意识,judge,判断题,自然语言处理技术能让机器理解和处理人类的语言。（  ）,"正确,错误",A,自然语言处理（NLP）的核心目标，就是让机器能够理解、处理、生成人类的自然语言，实现人与机器的自然语言交互。
48,人工智能意识,judge,判断题,小学生不需要了解人工智能技术，等长大了再学也来得及。（  ）,"正确,错误",B,中小学阶段是培养人工智能意识和数字素养的关键时期，《义务教育信息科技课程标准》明确要求中小学阶段开展人工智能相关教育，培养学生的AI核心素养。
49,人工智能意识,judge,判断题,自动驾驶汽车的自动避障功能，核心用到了图像识别和智能决策技术。（  ）,"正确,错误",A,自动驾驶汽车的自动避障功能，首先通过图像识别技术识别障碍物，再通过智能决策算法规划避障路线，是人工智能多技术的融合应用。
50,人工智能意识,judge,判断题,识别生活中的AI应用，是培养人工智能意识的基础。（  ）,"正确,错误",A,培养人工智能意识的第一步，就是能够识别生活中的人工智能应用，理解AI技术的基本价值和作用。
51,人工智能思维,single,单项选择题,我们把“煮一碗面”的任务拆分成“烧水→下面→加调料→盛出”，这种解决问题的方法体现了人工智能中的（  ）,"算法思维,艺术思维,体育思维,语言思维",A,算法的核心是解决问题的明确、有序的步骤，将复杂任务拆解为清晰的执行步骤，是典型的算法思维体现。
52,人工智能思维,single,单项选择题,要训练一个能识别猫和狗的AI模型，第一步需要做的是（  ）,"收集大量猫和狗的图片数据,直接测试模型识别效果,编写模型的最终代码,删除无关的图片数据",A,机器学习的核心是从数据中学习规律，因此训练AI模型的第一步是收集对应的训练数据，后续才能进行标注、训练、测试等步骤。
53,人工智能思维,single,单项选择题,下列关于算法的说法，正确的是（  ）,"算法是解决问题的一套明确、有序的步骤,同一问题只能有一种算法,算法只能被计算机执行，人类无法使用,算法必须包含复杂的数学公式",A,算法是解决特定问题的、明确的、有序的、可执行的步骤集合；同一问题可以有多种不同的算法，人类也可以使用算法解决日常问题，算法不一定要包含复杂的数学公式。
54,人工智能思维,single,单项选择题,同学们训练AI识别手写数字时，给大量数字图片标注了对应的数字，这个过程叫做（  ）,"数据标注,数据删除,数据加密,数据压缩",A,数据标注是监督学习的核心步骤，指的是给训练数据添加对应的标签（标注），让AI模型学习输入数据与输出结果的对应关系。
55,人工智能思维,single,单项选择题,下列关于数据与AI模型的关系，说法正确的是（  ）,"数据是AI模型学习的基础，没有数据AI就无法学习,数据数量越多，AI模型一定越精准,数据质量不会影响AI模型的表现,AI模型可以脱离数据自主学习",A,数据是AI模型学习的基础，没有数据，机器学习就无法进行；AI模型的精准度不仅取决于数据数量，更取决于数据质量，劣质的大量数据反而会影响模型表现，AI模型无法脱离数据自主学习。
56,人工智能思维,single,单项选择题,要让AI模型学会识别不同的水果，下列步骤顺序正确的是（  ）,"收集数据→标注数据→训练模型→测试模型,训练模型→收集数据→标注数据→测试模型,测试模型→训练模型→收集数据→标注数据,标注数据→收集数据→测试模型→训练模型",A,监督学习的完整流程是：先收集对应的数据，再对数据进行标注，然后用标注好的数据训练模型，最后用新数据测试模型的效果。
57,人工智能思维,single,单项选择题,下列关于机器学习的说法，正确的是（  ）,"机器学习是让机器从数据中学习规律，优化自身表现的技术,机器学习不需要任何数据支持,机器学习就是人工编写代码，让机器按固定规则执行,机器学习的模型一旦训练完成，就永远不会出错",A,机器学习是人工智能的核心分支，其核心是让机器从数据中自主学习规律，优化自身的表现；机器学习必须依赖数据支持，与传统固定规则的程序有本质区别，训练完成的模型也可能出现错误。
58,人工智能思维,single,单项选择题,同学们训练的AI模型，经常把“大”和“太”认错，最可能的原因是（  ）,"训练数据中，两个字的标注图片不足，特征区分不明确,算法完全无法识别汉字,图片数量太多了,标注太准确了",A,AI模型对形近字识别错误，最核心的原因是训练数据中，对应形近字的标注图片不足，模型没有学习到两个字的核心特征区别，导致识别出错。
59,人工智能思维,single,单项选择题,下列行为中，体现了计算思维的是（  ）,"把复杂的大任务拆解成多个简单的小步骤，逐步完成,遇到问题直接求助别人，不自己思考,凭感觉做事，不制定计划,所有事情都用同一种方法解决",A,计算思维的核心方法包括任务拆解、模式识别、抽象、算法设计等，将复杂大任务拆解为简单小步骤逐步完成，是计算思维最典型的体现。
60,人工智能思维,single,单项选择题,下列关于监督学习的说法，正确的是（  ）,"监督学习需要对训练数据进行标注，明确输入与输出的对应关系,监督学习不需要任何标注数据,监督学习只能用于语音识别，不能用于图像识别,监督学习是让机器自主从数据中发现规律，无需人类干预",A,监督学习的核心特征是需要对训练数据进行标注，明确输入数据对应的输出结果，让模型学习二者的对应关系；它广泛应用于图像识别、语音识别等多个领域，需要人类进行数据标注等干预。
61,人工智能思维,single,单项选择题,AI模型训练完成后，需要用新的、没见过的数据测试它，这个过程的主要目的是（  ）,"检验模型的泛化能力，看它在新数据上的表现,增加训练数据的数量,修改模型的算法,给数据做标注",A,用未参与训练的新数据测试模型，核心目的是检验模型的泛化能力，也就是模型在从未见过的新数据上的识别/预测效果，避免模型只在训练数据上表现好，在实际场景中表现差。
62,人工智能思维,single,单项选择题,下列关于数据预处理的说法，错误的是（  ）,"数据预处理就是删除所有数据,数据预处理包括清洗数据、去重、修正错误标注等,数据预处理是机器学习流程中非常重要的步骤,高质量的预处理能提升AI模型的训练效果",A,数据预处理是机器学习的重要步骤，包括数据清洗、去重、修正错误标注、格式统一等操作，目的是提升数据质量，进而提升模型训练效果，并非删除所有数据。
63,人工智能思维,single,单项选择题,同一道数学题，我们可以用多种方法解答，这体现了算法的什么特点（  ）,"同一问题可以有多种不同的算法,算法必须有唯一的答案,算法只能用计算机执行,算法必须包含复杂的步骤",A,算法的核心是解决问题的步骤，同一问题可以有多种不同的解决步骤，也就是多种不同的算法，不同算法的效率、复杂度可能不同，但都能解决问题。
64,人工智能思维,single,单项选择题,下列关于无监督学习的说法，正确的是（  ）,"无监督学习不需要标注数据，机器自主从数据中发现规律、完成分类,无监督学习必须给所有数据做标注,无监督学习只能用于文本处理，不能用于图像识别,无监督学习的效果一定比监督学习好",A,无监督学习与监督学习的核心区别是，它不需要对数据进行标注，机器会自主从数据中发现隐藏的规律和特征，完成数据的分类、聚类等任务，可应用于文本、图像等多个领域，与监督学习没有绝对的优劣之分，适用场景不同。
65,人工智能思维,single,单项选择题,智能空调能根据室内温度自动调节制冷强度，它实现这一功能的核心算法逻辑是（  ）,"收集温度数据→与设定值比较→做出调节决策→执行调节,随机调节制冷强度,只在有人的时候调节，没人的时候不工作,固定时间调节一次温度",A,智能设备的自动调节功能，核心遵循“数据采集→分析比对→决策→执行”的算法逻辑，智能空调首先通过传感器收集温度数据，再与用户设定的温度比对，做出调节决策，最后执行调节操作。
66,人工智能思维,single,单项选择题,下列关于算法的说法，错误的是（  ）,"算法必须有输入和输出,算法的步骤可以是模糊的、不确定的,算法的步骤必须是有限的，能在有限时间内完成,算法的每一步都必须有明确的定义",B,算法有五大核心特征：有穷性、确定性、可行性、输入、输出。其中确定性要求算法的每一步都必须有明确的定义，不能是模糊、不确定的。
67,人工智能思维,single,单项选择题,同学们训练AI识别水果时，只给AI看了红色的苹果，导致AI无法识别绿色的青苹果，这一问题的核心原因是（  ）,"训练数据的多样性不足，覆盖场景不完整,算法完全无法识别苹果,图片数量太多,标注太准确了",A,AI模型无法识别训练数据中未覆盖的场景，核心原因是训练数据的多样性不足，只覆盖了红色苹果的场景，没有包含绿色青苹果的场景，导致模型的泛化能力不足。
68,人工智能思维,single,单项选择题,下列关于模型优化的说法，正确的是（  ）,"模型优化可以通过补充训练数据、调整算法参数来实现,模型一旦训练完成，就无法再优化,模型优化只能靠更换算法，不能通过补充数据实现,模型优化的目的是让模型的识别准确率更低",A,模型优化是提升模型表现的核心步骤，可以通过补充多样化的训练数据、修正错误标注、调整算法参数、优化模型结构等多种方式实现，核心目的是提升模型的准确率和泛化能力。
69,人工智能思维,single,单项选择题,下列行为中，体现了用算法思维解决问题的是（  ）,"制定清晰的步骤，完成班级黑板报的制作,凭感觉随意画画,遇到问题直接放弃,所有事情都按别人的要求做，不自己思考",A,算法思维的核心是制定明确、有序的步骤解决问题，制定清晰的步骤完成黑板报制作，是算法思维在日常场景中的典型应用。
70,人工智能思维,single,单项选择题,下列关于数据标注的说法，正确的是（  ）,"准确的标注能让AI模型更好地学习数据的特征,数据标注不需要准确，随便标注就行,所有机器学习都需要数据标注,数据标注只会增加工作量，对模型训练没有帮助",A,在监督学习中，准确的数据标注能让AI模型精准学习到数据的核心特征，提升模型的识别准确率；错误的标注会导致模型训练出现偏差；无监督学习不需要数据标注。
71,人工智能思维,single,单项选择题,导航软件为用户规划路线时，会综合考虑距离、红绿灯、实时路况等多个因素，选择最优路线，这体现了算法的什么能力（  ）,"多维度数据融合与最优决策能力,图像识别能力,语音识别能力,数据加密能力",A,导航软件的路线规划算法，会融合多个维度的数据进行综合分析，在多个可行方案中选择最优解，体现了算法的多维度数据融合与最优决策能力。
72,人工智能思维,single,单项选择题,下列关于AI模型的说法，错误的是（  ）,"AI模型一旦训练完成，就永远不会出错,AI模型的表现依赖训练数据和算法,AI模型需要持续优化，才能适应新的场景,AI模型是机器学习的核心产物",A,AI模型的表现依赖训练数据和算法，只能在训练数据覆盖的场景中发挥作用，面对未见过的场景、数据偏差等情况，很可能出现错误，因此需要持续优化迭代。
73,人工智能思维,single,单项选择题,下列步骤中，不属于机器学习核心流程的是（  ）,"数据销毁,数据收集,模型训练,模型测试",A,机器学习的核心流程包括：数据收集、数据预处理、数据标注（监督学习）、模型训练、模型测试、模型优化迭代；数据销毁不属于机器学习的核心流程。
74,人工智能思维,single,单项选择题,我们用算法解决问题时，首先要做的是（  ）,"明确问题的需求和目标,直接编写代码,测试算法效果,优化算法步骤",A,用算法解决问题的第一步，是明确问题的需求和目标，只有明确了要解决什么问题、达到什么效果，才能设计对应的算法步骤。
75,人工智能思维,single,单项选择题,下列关于数据质量的说法，最准确的是（  ）,"数据质量比数据数量更重要，优质的少量数据远胜过低质的大量数据,数据数量越多，质量就越好,数据质量不会影响AI模型的表现,只要数据数量足够，质量再差也没关系",A,对于AI模型训练来说，数据质量的重要性远高于数据数量；准确、完整、多样化的优质数据，即使数量不多，也能训练出效果良好的模型；而大量低质、错误、重复的数据，反而会导致模型训练出现偏差，降低模型表现。
76,人工智能思维,single,单项选择题,下列关于无监督学习的应用场景，说法正确的是（  ）,"无监督学习可以用于用户行为分类，发现不同的用户群体,无监督学习必须给所有数据标注标签,无监督学习只能用于图像识别，不能用于其他场景,无监督学习的效果一定比监督学习差",A,无监督学习的核心应用场景之一就是聚类分析，比如通过用户行为数据，自主将用户分为不同的群体，发现用户的行为规律；它不需要标注数据，可应用于多个领域，与监督学习没有绝对的优劣之分。
77,人工智能思维,single,单项选择题,智能扫地机器人能规划最优的清扫路线，避开障碍物，核心用到的人工智能思维是（  ）,"环境感知+路径规划算法思维,艺术创作思维,语言表达思维,随机尝试思维",A,智能扫地机器人首先通过传感器感知环境和障碍物（环境感知），再通过路径规划算法设计最优的清扫路线，避开障碍物，核心体现了环境感知与路径规划的算法思维。
78,人工智能思维,single,单项选择题,下列关于算法和程序的关系，说法正确的是（  ）,"算法是解决问题的思路和步骤，程序是算法的代码实现,算法和程序是完全一样的，没有区别,程序可以脱离算法独立存在,算法必须用代码编写出来，否则就不是算法",A,算法是解决问题的思路、步骤和逻辑，是抽象的；程序是算法的具体代码实现，是具体的、可被计算机执行的；一个算法可以用多种不同的编程语言编写成不同的程序，程序不能脱离算法独立存在。
79,人工智能思维,single,单项选择题,同学们训练的AI模型，在训练用的图片上识别准确率很高，但在新的图片上准确率很低，这一现象叫做（  ）,"过拟合,欠拟合,数据标注错误,算法完全失效",A,过拟合是机器学习中的常见问题，指的是模型在训练数据上表现极好，但在未见过的新数据上表现很差，核心原因是模型过度学习了训练数据中的细节和噪声，泛化能力不足。
80,人工智能思维,single,单项选择题,培养人工智能思维的核心是（  ）,"运用数据、算法、模型的思想分析问题，理解AI技术的基本逻辑,能背诵所有AI技术的定义,能编写复杂的AI代码,能训练大型AI模型",A,中小学阶段培养人工智能思维的核心，是学会运用数据、算法、模型的思想分析问题，理解AI技术的基本逻辑，而非掌握专业的代码编写、模型训练能力。
81,人工智能思维,multiple,多项选择题,机器学习的完整流程包括（  ）,"数据收集与预处理,数据标注（监督学习）,模型训练与参数调整,模型测试与优化迭代","A,B,C,D",机器学习的完整流程包括：数据收集、数据预处理（清洗、去重等）、监督学习的数据标注、模型训练与参数调整、模型测试、模型优化迭代，以上步骤均是机器学习的核心环节。
82,人工智能思维,multiple,多项选择题,下列关于算法的说法，正确的有（  ）,"算法是解决问题的明确步骤集合,同一问题可以有多种不同的算法,算法的步骤必须是有限的、可执行的,算法只能用计算机代码实现","A,B,C",算法是解决特定问题的明确步骤集合，同一问题可以有多种不同的算法，算法必须具备有穷性、可行性，人类也可以用算法解决日常问题，并非只能用计算机代码实现。
83,人工智能思维,multiple,多项选择题,下列行为中，体现了计算思维的有（  ）,"将复杂任务拆解为多个简单子任务,制定清晰的步骤解决问题,分析问题的核心逻辑，找到最优解决方案,遇到问题凭感觉解决，不做任何规划","A,B,C",计算思维的核心包括任务拆解、步骤规划、逻辑分析、最优方案设计等，以上前三个选项均体现了计算思维；凭感觉解决问题不符合计算思维的要求。
84,人工智能思维,multiple,多项选择题,关于数据标注对AI模型的影响，说法正确的有（  ）,"准确的标注能提升模型的识别准确率,错误的标注会导致模型训练出现偏差,标注的完整性会影响模型的泛化能力,数据标注对模型训练没有任何影响","A,B,C",在监督学习中，数据标注是核心环节，准确的标注能让模型更好地学习数据特征，提升识别准确率；错误的标注会导致模型训练偏差；标注的完整性、多样性会直接影响模型的泛化能力。
85,人工智能思维,multiple,多项选择题,下列关于监督学习和无监督学习的说法，正确的有（  ）,"监督学习需要标注数据，无监督学习不需要,二者都是机器学习的核心分支,监督学习常用于分类、识别任务，无监督学习常用于聚类、规律发现,监督学习一定比无监督学习更好","A,B,C",监督学习和无监督学习是机器学习的两大核心分支，核心区别在于是否需要标注数据；监督学习常用于分类、识别任务，无监督学习常用于聚类、规律发现；二者适用场景不同，没有绝对的优劣之分。
86,人工智能思维,multiple,多项选择题,要提升AI模型的识别准确率，下列做法正确的有（  ）,"补充更多样、更完整的训练数据,修正错误的数据标注，提升标注质量,调整算法参数，优化模型结构,删除所有训练数据，重新开始","A,B,C",提升AI模型准确率的有效方法包括：补充多样化的训练数据、提升数据标注质量、调整算法参数、优化模型结构等；删除所有训练数据会导致模型无法训练，无法提升准确率。
87,人工智能思维,multiple,多项选择题,下列关于算法的特点，说法正确的有（  ）,"有穷性：算法必须在有限步骤内完成,确定性：算法的每一步都有明确的定义,可行性：算法的每一步都可以被执行,必须有输入和输出","A,B,C,D",算法的五大核心特征为：有穷性、确定性、可行性、输入、输出，以上四个选项均是算法的核心特点。
88,人工智能思维,multiple,多项选择题,下列关于数据与AI的关系，说法正确的有（  ）,"数据是AI学习的基础,数据的质量直接影响AI模型的表现,数据的多样性决定了AI模型的泛化能力,AI可以脱离数据自主学习和进化","A,B,C",数据是AI学习的基础，没有数据AI就无法学习；数据的质量、多样性直接影响AI模型的表现和泛化能力；AI无法脱离数据自主学习和进化。
89,人工智能思维,multiple,多项选择题,下列场景中，体现了算法思维的有（  ）,"导航软件规划最优出行路线,智能空调自动调节温度,智能扫地机器人规划清扫路径,手动开关灯","A,B,C",导航路线规划、智能空调温度调节、扫地机器人路径规划，均是通过明确的算法步骤实现自动决策，体现了算法思维；手动开关灯是人类的手动操作，未使用算法思维。
90,人工智能思维,multiple,多项选择题,培养人工智能思维，需要做到（  ）,"理解算法的基本逻辑和作用,学会用数据的视角分析问题,理解AI模型的基本训练流程,用计算思维拆解和解决问题","A,B,C,D",培养人工智能思维，需要我们理解算法的基本逻辑、学会用数据视角分析问题、掌握AI模型的基本训练流程、用计算思维拆解和解决实际问题，以上选项均是培养人工智能思维的核心要求。
91,人工智能思维,judge,判断题,算法就是计算机程序，二者没有任何区别。（  ）,"正确,错误",B,算法是解决问题的抽象思路和步骤，程序是算法的具体代码实现；二者有本质区别，一个算法可以对应多个不同的程序。
92,人工智能思维,judge,判断题,没有数据，人工智能模型就无法进行学习和训练。（  ）,"正确,错误",A,数据是人工智能模型学习的基础，机器学习的核心是从数据中学习规律，没有数据，AI模型就无法进行学习和训练。
93,人工智能思维,judge,判断题,同一问题只能有一种算法来解决。（  ）,"正确,错误",B,同一问题可以有多种不同的算法来解决，不同算法的效率、复杂度、适用场景可能不同，但都能解决对应的问题。
94,人工智能思维,judge,判断题,数据标注的准确性，会直接影响监督学习模型的训练效果。（  ）,"正确,错误",A,监督学习模型依赖标注数据学习输入与输出的对应关系，数据标注的准确性会直接影响模型的训练效果和识别准确率。
95,人工智能思维,judge,判断题,机器学习的模型一旦训练完成，就永远不会出错，不需要再优化。（  ）,"正确,错误",B,训练完成的AI模型，只能在训练数据覆盖的场景中发挥作用，面对新场景、数据偏差等情况可能出现错误，需要持续优化迭代。
96,人工智能思维,judge,判断题,把复杂任务拆解成多个简单小步骤，是计算思维的核心体现之一。（  ）,"正确,错误",A,任务拆解是计算思维最核心、最基础的方法之一，将复杂大任务拆解为多个可执行的简单小步骤，是计算思维的典型体现。
97,人工智能思维,judge,判断题,无监督学习不需要对数据进行标注，就能自主从数据中发现规律。（  ）,"正确,错误",A,无监督学习的核心特征就是不需要对数据进行标注，机器会自主从数据中发现隐藏的规律和特征，完成聚类、分类等任务。
98,人工智能思维,judge,判断题,数据数量越多，AI模型的表现一定越好，和数据质量无关。（  ）,"正确,错误",B,对于AI模型来说，数据质量的重要性远高于数据数量；低质量的大量数据，反而会导致模型训练出现偏差，降低模型表现。
99,人工智能思维,judge,判断题,算法的步骤必须是明确的、可执行的，不能有模糊不清的内容。（  ）,"正确,错误",A,确定性是算法的核心特征之一，算法的每一步都必须有明确的定义，是可执行的，不能有模糊、不确定的内容。
100,人工智能思维,judge,判断题,理解AI技术的基本逻辑，是培养人工智能思维的核心目标。（  ）,"正确,错误",A,培养人工智能思维的核心目标，就是理解AI技术的基本逻辑，学会用数据、算法、模型的思想分析和解决问题。
101,人工智能应用与创新能力,single,单项选择题,小学生在完成作文作业时，关于AI生成工具的使用，下列做法正确的是（  ）,"在老师指导下，用AI生成写作思路，自己完成作文,直接让AI生成完整作文，抄写到作业本上,用AI生成的作文参加作文比赛,把AI生成的作文署上自己的名字发布到网上",B,根据中小学AI教育规范，AI工具是学习的辅助手段，应在老师指导下用AI辅助拓展思路，自主完成核心创作；直接抄袭AI生成内容、用于比赛、署自己名字发布均是违规行为，违背了学习的本质和学术诚信。
102,人工智能应用与创新能力,single,单项选择题,下列关于AI工具的使用，体现了批判性评估能力的是（  ）,"对AI给出的答案进行核对，辨别其对错与合理性,完全相信AI给出的所有答案，不加验证,只要是AI生成的内容，就直接转发给同学,遇到任何问题都第一时间问AI，不自己思考",B,批判性评估能力是AI应用的核心素养，指的是对AI的输出保持理性判断，主动核对、辨别其对错与合理性，而非盲目相信、完全依赖。
103,人工智能应用与创新能力,single,单项选择题,下列场景中，AI工具的使用合理合规的是（  ）,"用AI绘画工具生成素材，辅助自己完成手抄报创作,用AI工具代替自己完成所有考试题目,用AI工具生成辱骂他人的内容,用AI工具破解别人的账号密码",A,用AI生成素材辅助手抄报创作，是将AI作为创作辅助工具的合理合规使用；其他选项均是违规、违法或违背学习本质的使用方式。
104,人工智能应用与创新能力,single,单项选择题,学校要举办科技节，同学们想设计一个AI相关的小项目，下列做法体现创新能力的是（  ）,"结合校园垃圾分类的需求，设计一个AI垃圾分类辅助工具,完全照搬网上的现成项目，不做任何修改,只做理论讨论，不做任何实际设计,抄袭别人的项目成果，当成自己的作品",A,AI创新能力的核心，是结合真实的需求设计AI应用解决方案；结合校园垃圾分类需求设计辅助工具，是从真实场景出发的创新应用；照搬、抄袭均不属于创新。
105,人工智能应用与创新能力,single,单项选择题,下列关于AI工具的局限性，说法正确的是（  ）,"AI工具的输出可能存在错误，需要人类进行验证和判断,AI工具是万能的，能解决所有问题,AI工具的答案永远是正确的，不需要怀疑,AI工具能完全替代人类的思考和创造",A,AI工具存在固有的局限性，其输出可能存在错误、偏见、内容失真等问题，必须由人类进行验证和判断；AI不是万能的，无法完全替代人类的思考和创造。
106,人工智能应用与创新能力,single,单项选择题,下列行为中，能体现对AI工具合理运用的是（  ）,"用AI翻译工具辅助自己学习英语，同时自己也进行单词记忆,所有英语作业都用AI翻译工具完成，自己不做任何学习,用AI翻译工具生成考试作弊的内容,把AI翻译的内容当成自己的作品参加翻译比赛",A,合理运用AI工具的核心，是将其作为学习的辅助手段，而非替代自己学习和思考；用AI翻译辅助英语学习，同时自主记忆单词，是合理的使用方式。
107,人工智能应用与创新能力,single,单项选择题,面对AI给出的错误答案，下列做法最合理的是（  ）,"核对正确答案，分析AI出错的原因，合理调整提问方式,再也不使用任何AI工具,继续相信AI的答案，认为是正确答案错了,把错误答案转发给所有同学",A,面对AI的错误答案，最合理的做法是核对正确答案，分析AI出错的原因，优化提问方式，这体现了对AI工具的批判性使用和合理运用能力；其他做法均不理性。
108,人工智能应用与创新能力,single,单项选择题,下列关于AI应用的说法，正确的是（  ）,"AI应用需要结合实际需求，才能发挥最大价值,只要技术先进，不管有没有需求，AI应用都有价值,AI应用只能由专业的工程师设计，学生无法参与,AI应用越复杂越好，不需要考虑易用性",A,AI应用的核心价值在于解决真实的需求，只有结合实际场景和用户需求，AI技术才能发挥最大价值；学生也可以从身边的需求出发，设计简单的AI应用，易用性是AI应用的重要考量因素。
109,人工智能应用与创新能力,single,单项选择题,下列问题中，最具有创新性和思考价值的是（  ）,"如何用AI技术帮助校园里的视障同学更方便地出行？,AI工具怎么打开？,AI工具能做什么？,AI工具是谁发明的？",A,具有创新性和思考价值的问题，是结合真实场景、能通过AI技术解决实际问题、体现人文关怀的问题；其他选项均是基础常识问题，不具备创新性和深度思考价值。
110,人工智能应用与创新能力,single,单项选择题,下列关于AI创新的说法，正确的是（  ）,"AI创新不只是技术创新，也包括应用场景的创新,AI创新只能是发明全新的AI算法,小学生无法进行任何AI相关的创新,AI创新必须用到非常复杂的技术",A,AI创新不仅包括算法、技术的创新，更包括应用场景、解决方案的创新；小学生也可以从身边的需求出发，进行AI应用场景的创新，不一定需要用到复杂的技术。
111,人工智能应用与创新能力,single,单项选择题,同学们想用AI工具完成一个“校园植物识别”的小项目，下列步骤顺序正确的是（  ）,"需求分析→技术适配→方案设计→测试优化,测试优化→需求分析→技术适配→方案设计,技术适配→需求分析→方案设计→测试优化,方案设计→测试优化→需求分析→技术适配",A,AI应用项目设计的核心工程思维流程是：先进行需求分析，明确要解决的问题；再进行技术适配，选择合适的AI技术；然后设计完整的方案；最后进行测试和优化迭代。
112,人工智能应用与创新能力,single,单项选择题,下列行为中，体现了对AI工具的批判性使用的是（  ）,"使用AI工具时，始终保持独立思考，不盲目依赖,所有事情都交给AI做，自己不做任何思考,完全相信AI生成的所有内容，不加辨别,只要是AI推荐的内容，就全部接受",A,对AI工具的批判性使用，核心是始终保持独立思考，不盲目依赖、不盲目相信AI的输出，始终以人类的判断为核心。
113,人工智能应用与创新能力,single,单项选择题,下列场景中，AI工具的使用能真正提升学习效率的是（  ）,"用AI工具整理错题的知识点，辅助自己查漏补缺,用AI工具直接抄作业答案，不做任何思考,用AI工具代替自己完成所有学习任务,上课不认真听讲，下课完全靠AI工具补课",A,AI工具能真正提升学习效率的用法，是辅助自己进行知识整理、查漏补缺，核心还是自主学习和思考；直接抄答案、完全依赖AI，违背了学习的本质，无法真正提升学习能力。
114,人工智能应用与创新能力,single,单项选择题,下列关于AI应用的说法，错误的是（  ）,"AI应用可以完全替代人类的所有工作,AI应用是人类的辅助工具，需要人类主导使用,AI应用需要结合实际场景，才能发挥价值,AI应用的使用需要遵守法律法规和道德规范",A,AI应用是人类的辅助工具，只能替代部分重复性、规律性的工作，无法完全替代人类的创造性、情感性、决策性工作，更无法替代人类的所有工作。
115,人工智能应用与创新能力,single,单项选择题,下列问题中，能体现对AI应用深度思考的是（  ）,"AI作业批改工具无法识别学生的解题思路，该如何优化才能更好地辅助教学？,AI作业批改工具怎么用？,AI作业批改工具能批改哪些作业？,AI作业批改工具批改速度快吗？",A,能体现对AI应用深度思考的问题，是关注AI应用的局限性、优化方向、实际应用价值的问题；其他选项均是基础操作问题，不具备深度思考价值。
116,人工智能应用与创新能力,single,单项选择题,下列关于AI创新的说法，错误的是（  ）,"AI创新必须用到高端的设备和复杂的技术,AI创新可以从身边的小需求出发,小学生也可以进行简单的AI应用创新,AI创新需要结合实际需求，解决真实的问题",A,AI创新的核心是解决真实的问题，不一定需要高端的设备和复杂的技术；从身边的小需求出发，设计简单的AI应用解决方案，也是非常有价值的创新。
117,人工智能应用与创新能力,single,单项选择题,面对AI工具的快速发展，下列态度最合理的是（  ）,"主动学习AI知识，合理使用AI工具，同时保持独立思考和创新能力,完全拒绝AI工具，不接触任何AI相关的内容,完全依赖AI工具，所有事情都交给AI做,只关注AI工具的娱乐功能，不学习它的正向应用",A,面对AI技术的发展，最合理的态度是主动学习、合理使用，同时始终保持独立思考和创新能力，不盲目依赖、不完全拒绝，发挥AI的正向价值。
118,人工智能应用与创新能力,single,单项选择题,下列行为中，体现了AI应用创新能力的是（  ）,"结合家里老人的需求，设计一个简单的AI语音提醒工具，提醒老人吃药,用AI工具刷短视频，不做任何创作,完全照搬别人的AI应用，不做任何修改,只用AI工具玩游戏，不探索其他应用",A,AI应用创新能力的核心，是结合真实的用户需求，设计对应的AI应用解决方案；结合老人的需求设计AI语音提醒工具，是从真实场景出发的创新应用。
119,人工智能应用与创新能力,single,单项选择题,下列关于AI工具的使用，说法正确的是（  ）,"AI工具的使用需要遵守相关规定，不能用于违法违规的事情,AI工具可以随便用，没有任何限制,用AI工具做任何事情都是合法的,AI工具的使用不需要考虑对他人的影响",A,AI工具的使用必须遵守法律法规、道德规范和相关管理规定，不能用于违法违规、损害他人权益的事情。
120,人工智能应用与创新能力,single,单项选择题,下列场景中，能体现对AI工具合理评估的是（  ）,"使用AI绘画工具时，评估生成内容的合规性和适用性，再进行使用,只要是AI生成的图片，就直接用于比赛和发布,不看内容，直接转发AI生成的所有图片,用AI生成的图片侵犯别人的肖像权",A,对AI工具的合理评估，指的是使用AI输出内容前，评估其合规性、适用性、版权风险等，再决定是否使用，这是AI应用能力的核心体现。
121,人工智能应用与创新能力,single,单项选择题,下列关于AI应用的工程思维，说法正确的是（  ）,"AI应用需要经过“需求分析—技术适配—效果评估—优化迭代”的完整流程,AI应用只需要关注技术先进，不需要考虑用户需求,AI应用只要做出来就行，不需要测试和优化,AI应用的设计不需要考虑用户的使用体验",A,AI应用的工程思维核心，是遵循“需求分析—技术适配—效果评估—优化迭代”的完整流程，始终以用户需求为核心，兼顾技术可行性、使用体验和效果优化。
122,人工智能应用与创新能力,single,单项选择题,下列问题中，最具有创新价值的是（  ）,"如何用AI技术减少校园里的食物浪费？,AI技术是什么？,AI技术有哪些应用？,AI技术是谁发明的？",A,具有创新价值的问题，是能结合真实场景、通过AI技术解决实际社会问题的问题；其他选项均是基础常识问题，不具备创新价值。
123,人工智能应用与创新能力,single,单项选择题,下列关于AI工具的说法，正确的是（  ）,"AI工具是人类的辅助工具，最终的决策和创造需要由人类完成,AI工具能完全替代人类的创造能力,AI工具的输出都是原创的，不会有版权问题,AI工具能解决人类遇到的所有问题",A,AI工具始终是人类的辅助工具，只能辅助人类完成工作，最终的决策、创造、判断都需要由人类完成；AI无法完全替代人类的创造能力，其输出可能存在版权问题，也不是万能的。
124,人工智能应用与创新能力,single,单项选择题,下列行为中，能体现对AI工具合理运用的是（  ）,"用AI工具收集科普资料，辅助自己完成科技节的调查报告,用AI工具直接生成调查报告，自己不做任何研究,用AI工具生成虚假的调查数据,把AI生成的调查报告署上自己的名字发表",A,合理运用AI工具的核心，是将其作为辅助工具，自主完成核心的研究、思考和创作；用AI收集科普资料辅助调查报告创作，是合理合规的使用方式。
125,人工智能应用与创新能力,single,单项选择题,下列关于AI应用的局限性，说法错误的是（  ）,"AI应用能完美应对所有突发情况，没有任何局限性,AI应用的表现依赖训练数据，无法应对训练数据之外的极端场景,AI应用无法像人类一样进行情感交流和共情,AI应用的决策可能存在偏差，需要人类进行监督",A,AI应用存在固有的局限性，无法完美应对所有突发情况，只能在训练数据覆盖的场景中发挥作用；其他选项均是AI应用的核心局限性。
126,人工智能应用与创新能力,single,单项选择题,同学们设计AI应用项目时，首先要做的是（  ）,"明确用户的真实需求，确定项目要解决的问题,直接编写代码，实现技术功能,购买高端的设备，搭建复杂的环境,照搬网上的现成项目，不做任何调整",A,设计AI应用项目的第一步，是明确用户的真实需求，确定项目要解决的核心问题；只有明确了需求，后续的技术选型、方案设计才有意义。
127,人工智能应用与创新能力,single,单项选择题,下列关于AI创新的说法，正确的是（  ）,"AI创新的核心是解决真实的问题，而不是追求技术的复杂,AI创新必须用到最先进的技术，否则就没有价值,只有专业的科学家才能进行AI创新,AI创新不需要考虑用户的需求，只需要关注技术",A,AI创新的核心价值，是解决真实的问题，而非追求技术的复杂和先进；从真实需求出发的简单创新，也具备极高的价值，普通人也可以参与AI创新。
128,人工智能应用与创新能力,single,单项选择题,下列行为中，体现了批判性评估AI能力的是（  ）,"发现AI生成的内容有错误，主动核实并纠正，同时分析出错的原因,发现AI生成的内容有错误，就再也不用AI工具了,即使发现AI生成的内容有错误，也照样使用和转发,完全不看AI生成的内容，直接复制粘贴使用",A,批判性评估AI能力的核心，是发现AI的错误后，主动核实纠正、分析原因，优化使用方式，始终保持理性判断，而非盲目依赖或完全拒绝。
129,人工智能应用与创新能力,single,单项选择题,下列场景中，AI工具的使用符合中小学使用规范的是（  ）,"在老师和家长的指导下，使用AI工具辅助学习,独自使用无监管的开放式AI生成工具，完成所有作业,用AI工具和陌生人聊天，泄露个人信息,用AI工具生成不良内容，转发给同学",A,根据中小学人工智能教育规范，未成年人使用AI工具，必须在老师和家长的指导下进行，将其作为学习的辅助工具；其他选项均是违规、不安全的使用方式。
130,人工智能应用与创新能力,single,单项选择题,培养人工智能应用与创新能力的核心是（  ）,"合理运用AI工具，批判性评估AI输出，结合实际需求提出创新问题与解决方案,能熟练使用所有AI工具,能编写复杂的AI代码,能训练大型AI模型",A,中小学阶段培养人工智能应用与创新能力的核心，是学会合理运用AI工具、批判性评估AI输出、结合实际需求提出创新问题与解决方案，而非掌握专业的代码编写、模型训练能力。
131,人工智能应用与创新能力,multiple,多项选择题,下列关于AI工具的使用，说法正确的有（  ）,"AI工具是辅助学习和创作的工具，不能完全替代人类的思考,使用AI工具时，需要遵守法律法规和道德规范,要学会批判性评估AI生成的内容，辨别其对错与合理性,所有事情都可以交给AI做，自己不需要付出任何努力","A,B,C",AI工具是辅助学习和创作的工具，不能替代人类的思考；使用时需要遵守法律法规和道德规范，同时要学会批判性评估AI的输出，辨别其合理性；完全依赖AI、不自主思考是错误的做法。
132,人工智能应用与创新能力,multiple,多项选择题,下列行为中，体现了AI应用创新能力的有（  ）,"结合社区养老需求，设计AI语音陪伴工具,针对校园环保问题，设计AI垃圾分类辅助工具,为视障人群设计AI物品识别辅助工具,完全照搬别人的AI项目，不做任何修改","A,B,C",AI应用创新能力的核心，是结合真实的用户需求，设计对应的AI应用解决方案；前三个选项均是从真实场景出发的创新应用，照搬他人项目不属于创新。
133,人工智能应用与创新能力,multiple,多项选择题,下列关于AI应用的说法，正确的有（  ）,"AI应用需要结合实际需求，解决真实的问题,AI应用需要经过测试和优化，才能更好地服务用户,AI应用的设计需要考虑用户的使用体验,AI应用只要技术先进，就一定有价值","A,B,C",AI应用的核心价值是解决真实的问题，需要结合实际需求、经过测试优化、兼顾用户体验；仅技术先进但没有真实需求的AI应用，不具备实际价值。
134,人工智能应用与创新能力,multiple,多项选择题,下列行为中，体现了对AI工具批判性使用的有（  ）,"对AI给出的答案进行核实和验证,不盲目依赖AI工具，保持独立思考,分析AI输出内容的合理性与局限性,完全相信AI生成的所有内容，不加辨别","A,B,C",对AI工具的批判性使用，核心是核实验证AI的输出、保持独立思考、分析AI内容的合理性与局限性；完全相信AI内容、不加辨别是错误的做法。
135,人工智能应用与创新能力,multiple,多项选择题,设计AI应用项目时，需要考虑的因素有（  ）,"用户的真实需求,技术的可行性,应用的安全性与合规性,用户的使用体验","A,B,C,D",设计AI应用项目时，需要综合考虑用户的真实需求、技术的可行性、应用的安全性与合规性、用户的使用体验等多个维度，以上选项均是需要重点考虑的因素。
136,人工智能应用与创新能力,multiple,多项选择题,下列场景中，AI工具的使用合理合规的有（  ）,"用AI工具辅助自己进行英语听力练习,用AI工具生成手抄报的素材，自己完成创作,用AI工具整理学习笔记，辅助自己复习,用AI工具代替自己完成考试","A,B,C",将AI工具作为学习辅助工具，用于听力练习、素材生成、笔记整理，均是合理合规的使用方式；用AI工具代替自己完成考试，违背了学术诚信和考试规则，是违规行为。
137,人工智能应用与创新能力,multiple,多项选择题,下列问题中，具有创新性和思考价值的有（  ）,"如何用AI技术保护校园里的野生动物？,如何用AI技术帮助留守儿童更好地和父母沟通？,如何用AI技术减少家庭中的能源浪费？,AI工具怎么下载？","A,B,C",具有创新性和思考价值的问题，是结合真实场景、能通过AI技术解决实际问题、体现人文关怀的问题；前三个选项均符合要求，“AI工具怎么下载”是基础操作问题，不具备创新和深度思考价值。
138,人工智能应用与创新能力,multiple,多项选择题,下列关于AI创新的说法，正确的有（  ）,"小学生也可以从身边的小需求出发，进行AI应用创新,AI创新不只是技术创新，也包括应用场景和解决方案的创新,AI创新需要关注真实的用户需求，解决实际问题,AI创新必须用到非常复杂的技术，否则没有价值","A,B,C",AI创新不仅包括技术创新，也包括应用场景和解决方案的创新；小学生也可以从身边的小需求出发进行创新，核心是解决真实问题，不一定需要复杂的技术。
139,人工智能应用与创新能力,multiple,多项选择题,面对AI工具的快速发展，我们应该（  ）,"主动学习AI相关知识，了解AI的基本原理和应用,合理使用AI工具，提升自己的学习和创作效率,保持独立思考和创新能力，不盲目依赖AI,完全拒绝AI工具，不接触任何AI相关内容","A,B,C",面对AI技术的发展，我们应该主动学习、合理使用，同时保持独立思考和创新能力，不盲目依赖、不完全拒绝；完全拒绝AI工具是不理性的做法。
140,人工智能应用与创新能力,multiple,多项选择题,培养人工智能应用与创新能力，需要做到（  ）,"学会合理运用AI工具解决实际问题,培养批判性思维，能评估AI输出的内容,从身边的需求出发，提出创新性的AI应用思路,掌握AI应用项目的基本设计流程和方法","A,B,C,D",培养人工智能应用与创新能力，需要我们学会合理运用AI工具、培养批判性思维、提出创新的应用思路、掌握AI项目的基本设计流程，以上选项均是核心要求。
141,人工智能应用与创新能力,judge,判断题,AI工具是万能的，能解决我们遇到的所有问题。（  ）,"正确,错误",B,AI工具存在固有的局限性，只能解决其训练数据和算法覆盖范围内的问题，不是万能的，无法解决所有问题。
142,人工智能应用与创新能力,judge,判断题,使用AI工具时，我们需要保持独立思考，不能完全依赖它。（  ）,"正确,错误",A,AI工具是人类的辅助工具，使用时必须保持独立思考，不能完全依赖AI，最终的决策、判断、创造都需要由人类完成。
143,人工智能应用与创新能力,judge,判断题,小学生不能进行任何AI相关的创新，只有专业人士才能做。（  ）,"正确,错误",B,小学生也可以从身边的小需求出发，进行AI应用场景、解决方案的创新，AI创新不是专业人士的专属。
144,人工智能应用与创新能力,judge,判断题,AI应用的核心是解决真实的问题，而不是追求技术的复杂。（  ）,"正确,错误",A,AI应用的核心价值是解决真实的问题，而非追求技术的复杂和先进；能解决真实需求的简单AI应用，也具备极高的价值。
145,人工智能应用与创新能力,judge,判断题,用AI生成的内容，不需要核实就可以直接使用和发布。（  ）,"正确,错误",B,AI生成的内容可能存在错误、偏见、版权风险等问题，必须经过核实、评估合规性后，才能合理使用，不能直接使用和发布。
146,人工智能应用与创新能力,judge,判断题,设计AI应用项目时，首先要明确用户的真实需求。（  ）,"正确,错误",A,需求是AI应用项目的核心，设计AI应用项目的第一步，就是明确用户的真实需求，确定要解决的核心问题。
147,人工智能应用与创新能力,judge,判断题,AI工具的使用没有任何限制，想怎么用就怎么用。（  ）,"正确,错误",B,AI工具的使用必须遵守法律法规、道德规范和相关管理规定，不能随意使用，更不能用于违法违规、损害他人权益的事情。
148,人工智能应用与创新能力,judge,判断题,提出有价值的问题，是AI创新能力的重要体现。（  ）,"正确,错误",A,提出有价值、有创新性的问题，是AI创新的起点，也是AI创新能力的重要体现。
149,人工智能应用与创新能力,judge,判断题,AI应用只要做出来就行，不需要测试和优化。（  ）,"正确,错误",B,AI应用需要经过严格的测试，发现问题并持续优化迭代，才能更好地服务用户，保障应用的稳定性和实用性。
150,人工智能应用与创新能力,judge,判断题,合理使用AI工具，能有效提升我们的学习效率和创新能力。（  ）,"正确,错误",A,将AI工具作为学习和创作的辅助工具，合理合规地使用，能有效提升学习效率、拓展创作思路、培养创新能力。
151,人工智能社会责任,single,单项选择题,下列行为中，符合AI使用中的隐私保护要求的是（  ）,"不随意向AI工具上传包含个人隐私的照片、视频,向AI工具随意透露自己的家庭住址、身份证号,把同学的个人信息输入AI工具生成内容,把AI工具收集的个人信息分享给其他人",A,在使用AI工具时，保护个人隐私的核心要求是不随意泄露自己和他人的敏感个人信息；不向AI工具上传隐私照片、视频，是符合隐私保护要求的正确做法。
152,人工智能社会责任,single,单项选择题,某AI招聘工具优先筛选男性简历，因为训练数据中男性从业者占比更高，这一现象属于（  ）,"算法偏见,数据加密,算法优化,数据标注",A,算法偏见指的是AI算法因训练数据偏差、算法设计缺陷等原因，产生对特定人群的不公平、歧视性结果；AI招聘工具因训练数据偏差优先筛选男性简历，是典型的算法偏见。
153,人工智能社会责任,single,单项选择题,下列关于AI伦理的说法，正确的是（  ）,"AI技术的发展和应用，需要坚持“科技向善”的原则,AI技术只需要关注性能，不需要考虑伦理问题,AI伦理是科学家的事，和普通人无关,AI技术可以随便使用，没有任何伦理约束",A,AI伦理是AI技术发展的核心准则，AI技术的发展和应用必须坚持“科技向善”的原则，兼顾技术发展与人类福祉、社会公平，这是所有AI使用者都需要遵守的准则。
154,人工智能社会责任,single,单项选择题,下列行为中，属于AI伦理违规的是（  ）,"用AI技术生成虚假的视频和图片，造谣传谣,用AI技术辅助老人进行健康监测,用AI技术帮助视障人群识别物品,用AI技术辅助老师批改作业",A,用AI技术生成虚假视频、图片造谣传谣，会误导公众、扰乱社会秩序、损害他人权益，属于严重的AI伦理违规和违法行为；其他选项均是AI技术的正向合规应用。
155,人工智能社会责任,single,单项选择题,下列关于个人信息保护的说法，正确的是（  ）,"在使用AI工具时，要谨慎提供个人信息，避免隐私泄露,所有AI工具都会保护用户的个人信息，不需要担心,个人信息随便分享给AI工具，不会有任何风险,AI工具收集的个人信息，会被用于所有合法用途",A,根据《个人信息保护法》，在使用AI工具时，我们需要谨慎提供个人敏感信息，避免隐私泄露；并非所有AI工具都能合规保护个人信息，随意分享个人信息存在极大的安全风险。
156,人工智能社会责任,single,单项选择题,下列哪种情况，可能会导致个人隐私泄露（  ）,"向无资质的AI工具上传自己的人脸照片、身份证照片,在老师指导下，使用合规的AI学习工具,不向AI工具透露任何敏感的个人信息,使用AI工具时，认真阅读隐私政策",A,人脸照片、身份证照片属于高度敏感的个人信息，向无资质的AI工具上传此类信息，极有可能导致个人隐私泄露、被滥用，带来人身和财产安全风险。
157,人工智能社会责任,single,单项选择题,下列关于算法偏见的说法，错误的是（  ）,"算法偏见是正常现象，不需要关注和修正,算法偏见往往源于训练数据的偏差和不完整,算法偏见可能会导致不公平的结果，损害部分人群的利益,我们需要通过优化数据和算法，来修正算法偏见",A,算法偏见会导致不公平、歧视性的结果，损害社会公平和特定人群的合法权益，是AI伦理中需要重点关注和修正的问题，并非正常现象。
158,人工智能社会责任,single,单项选择题,下列行为中，践行了“科技向善”理念的是（  ）,"用AI技术设计辅助工具，帮助残障人士更好地生活,用AI技术制作虚假信息，欺骗他人,用AI技术窃取别人的个人信息,用AI技术制作恶意软件，攻击别人的电脑",A,“科技向善”的核心是用技术造福人类、促进社会公平；用AI技术设计辅助工具帮助残障人士，是典型的科技向善实践；其他选项均是违背科技向善理念的违规、违法行为。
159,人工智能社会责任,single,单项选择题,下列关于AI生成内容的版权问题，说法正确的是（  ）,"使用AI生成的内容，需要遵守相关版权法律法规，不能随意商用,AI生成的内容没有版权，谁都可以随便用,用AI生成的内容，署上自己的名字就拥有了版权,AI生成的内容不会侵犯别人的版权",A,AI生成内容的版权受相关法律法规约束，使用AI生成内容需要遵守版权规定，未经授权不得随意商用；AI生成内容可能存在侵权风险，并非无版权、可随意使用。
160,人工智能社会责任,single,单项选择题,下列关于AI与社会责任的说法，正确的是（  ）,"每个使用AI技术的人，都有责任规范自己的行为，遵守伦理规范,AI的社会责任只由开发者承担，和使用者无关,AI技术的发展不需要考虑社会责任，只需要关注经济效益,小学生不需要了解AI的社会责任，只要会用AI工具就行",A,AI的社会责任不仅由开发者承担，每个使用AI技术的人，都有责任规范自己的行为，遵守AI伦理规范和法律法规；了解AI的社会责任，是中小学AI教育的核心内容之一。
161,人工智能社会责任,single,单项选择题,下列行为中，可能会带来AI伦理风险的是（  ）,"用AI技术深度伪造别人的肖像和声音,用AI技术辅助农业生产，提升产量,用AI技术进行天气预报，预警自然灾害,用AI技术辅助医生诊断疾病",A,用AI技术深度伪造他人的肖像和声音，会侵犯他人的肖像权、名誉权，甚至被用于诈骗、造谣等违法活动，带来严重的AI伦理风险和法律风险；其他选项均是AI技术的正向应用。
162,人工智能社会责任,single,单项选择题,下列关于数据安全的说法，正确的是（  ）,"AI系统收集的用户数据，需要进行加密存储，防止泄露,AI系统收集的用户数据，可以随便给其他人查看,用户数据不需要保护，公开也没关系,AI系统可以无限期保存用户的个人数据，不需要删除",A,数据安全是AI伦理的核心要求，AI系统收集的用户个人数据，必须进行加密存储，严格控制访问权限，防止泄露、滥用；同时应遵循数据最小化原则，在达到目的后及时删除用户数据。
163,人工智能社会责任,single,单项选择题,下列哪种行为，符合AI使用的伦理规范（  ）,"使用AI工具时，不侵犯他人的隐私和知识产权,用AI工具生成辱骂他人的内容,用AI工具伪造别人的签名和证件,用AI工具窃取别人的商业机密",A,使用AI工具时，尊重他人的隐私和知识产权，是AI使用伦理规范的核心要求；其他选项均是违背伦理规范、甚至违法的行为。
164,人工智能社会责任,single,单项选择题,下列关于AI虚假信息的说法，错误的是（  ）,"AI生成的虚假信息很难辨别，我们不需要关注,AI技术的发展，让虚假信息的制作成本更低，传播速度更快,我们需要学会辨别AI生成的虚假信息，不造谣、不传谣,用AI技术制作和传播虚假信息，是违法行为",A,AI生成的虚假信息（如深度伪造视频、AI生成谣言）具有极强的迷惑性，会带来严重的社会危害，我们必须重点关注，学会辨别，坚决抵制造谣、传谣行为。
165,人工智能社会责任,single,单项选择题,某AI人脸识别系统，对深色皮肤人群的识别准确率远低于浅色皮肤人群，这一现象属于（  ）,"算法偏见,算法优化,数据加密,数据标注",A,该人脸识别系统因训练数据中深色皮肤人群的样本不足，导致对不同肤色人群的识别准确率差异极大，产生了种族歧视性的结果，是典型的算法偏见。
166,人工智能社会责任,single,单项选择题,下列关于AI与未成年人保护的说法，正确的是（  ）,"未成年人使用AI工具，需要在老师和家长的指导下进行,未成年人可以随便使用任何AI工具，不需要监管,AI工具不会对未成年人产生任何不良影响,未成年人使用AI工具，不需要遵守任何规定",A,根据未成年人保护相关法律法规和AI教育规范，未成年人使用AI工具，必须在老师和家长的指导、监管下进行，避免接触不良内容、泄露个人隐私、形成过度依赖。
167,人工智能社会责任,single,单项选择题,下列行为中，有利于保护个人隐私的是（  ）,"使用AI工具前，认真阅读隐私政策，了解数据的使用范围,向AI工具提供所有的个人信息，不做任何保留,把自己的账号密码分享给AI工具,在公共AI工具上输入自己的银行卡号和密码",A,使用AI工具前，认真阅读隐私政策，了解平台收集哪些数据、如何使用、保存多久，是保护个人隐私的核心前提；其他选项均会导致个人隐私泄露，带来极大的安全风险。
168,人工智能社会责任,single,单项选择题,下列关于AI伦理规范的说法，错误的是（  ）,"AI伦理规范会限制AI技术的发展，应该废除,AI伦理规范能引导AI技术健康、有序地发展,AI伦理规范能保护用户的合法权益，避免技术被滥用,AI伦理规范是全球AI发展的共识",A,AI伦理规范不是限制AI技术的发展，而是引导AI技术健康、有序、向善发展，避免技术被滥用，保护用户的合法权益和社会公平，是全球AI发展的核心共识。
169,人工智能社会责任,single,单项选择题,下列哪种情况，体现了AI技术的负责任使用（  ）,"AI系统在收集用户数据前，明确告知用户并获得同意,AI系统偷偷收集用户的个人数据，不告知用户,AI系统把用户的个人数据卖给其他公司,AI系统滥用用户的个人数据，推送不良内容",A,AI技术负责任使用的核心原则之一，是收集用户个人数据前，必须遵循“知情同意”原则，明确告知用户数据收集的范围、用途、保存期限等，并获得用户的同意。
170,人工智能社会责任,single,单项选择题,下列关于算法公平性的说法，正确的是（  ）,"AI算法应该公平对待所有人群，不能因为性别、地域、肤色等因素产生歧视,AI算法有偏见是正常的，不需要修正,AI算法只需要对大部分人公平就行，不需要关注少数群体,算法的公平性和AI技术的发展无关",A,算法公平性是AI伦理的核心要求，AI算法必须公平对待所有人群，不能因性别、地域、肤色、年龄等因素产生歧视性结果，需要关注少数群体的权益，通过优化数据和算法保障算法公平。
171,人工智能社会责任,single,单项选择题,下列行为中，属于违法违规使用AI技术的是（  ）,"用AI技术制作、传播淫秽色情内容,用AI技术辅助学生学习,用AI技术进行城市交通管理,用AI技术进行环境保护监测",A,用AI技术制作、传播淫秽色情内容，违反了《网络安全法》《治安管理处罚法》《刑法》等相关法律法规，属于严重的违法违规行为；其他选项均是AI技术的正向合规应用。
172,人工智能社会责任,single,单项选择题,下列关于AI与人类的关系，说法正确的是（  ）,"人类是AI技术的主导者，AI技术应该服务于人类的福祉,AI技术会完全取代人类，统治世界,AI技术的发展不需要考虑人类的利益,AI技术有自己的意识和情感，和人类一样",A,人类始终是AI技术的主导者，AI技术的发展和应用，必须以服务人类福祉、促进社会进步为核心目标；AI没有自主意识和情感，不会完全取代人类，更不会统治世界。
173,人工智能社会责任,single,单项选择题,下列关于个人信息删除权的说法，正确的是（  ）,"用户有权要求AI系统删除自己的个人数据,AI系统可以拒绝用户删除个人数据的要求,用户的个人数据一旦被AI系统收集，就永远无法删除,AI系统可以永久保存用户的个人数据，不需要经过用户同意",A,根据《个人信息保护法》，用户拥有个人信息删除权，有权要求AI系统的运营方删除自己的个人数据；运营方不得拒绝，且不得无限期保存用户个人数据。
174,人工智能社会责任,single,单项选择题,下列哪种行为，会加剧AI算法偏见（  ）,"使用单一、片面的训练数据训练AI模型,使用多样化、全面的训练数据训练AI模型,对AI模型的输出进行公平性检测，修正偏见,关注AI模型对少数群体的识别效果",A,算法偏见的核心来源之一是训练数据的单一、片面、不完整，使用此类数据训练AI模型，会加剧算法偏见；其他选项均是修正、避免算法偏见的正确做法。
175,人工智能社会责任,single,单项选择题,下列关于AI社会责任的说法，错误的是（  ）,"AI技术的发展和应用，不需要考虑对环境和社会的影响,AI技术应该用于促进社会公平，改善人类生活,AI技术的应用需要遵守法律法规，不能损害公共利益,培养AI社会责任意识，是中小学AI教育的重要内容",A,AI技术的发展和应用，必须考虑对环境、社会、人类的长期影响，兼顾经济效益与社会效益、环境效益，这是AI社会责任的核心要求。
176,人工智能社会责任,single,单项选择题,下列关于AI深度伪造技术的说法，正确的是（  ）,"深度伪造技术如果被滥用，会侵犯他人的肖像权、名誉权，带来严重的社会风险,深度伪造技术可以随便使用，没有任何限制,用深度伪造技术伪造别人的视频，不会有任何法律后果,深度伪造技术只有坏处，没有任何正向应用价值",A,AI深度伪造技术是一把双刃剑，滥用会侵犯他人合法权益、带来诈骗、造谣等严重社会风险，使用必须遵守法律法规；其在影视制作、数字人等领域也有正向的应用价值，并非只有坏处。
177,人工智能社会责任,single,单项选择题,下列行为中，体现了科技向善理念的是（  ）,"用AI技术开发辅助工具，帮助听障人士进行沟通,用AI技术进行网络诈骗,用AI技术窃取别人的个人信息,用AI技术制作恶意软件",A,用AI技术开发辅助工具帮助听障人士沟通，是用技术促进社会包容、造福弱势群体，践行了科技向善的核心理念；其他选项均是违背科技向善的违法违规行为。
178,人工智能社会责任,single,单项选择题,下列关于AI与知识产权的说法，正确的是（  ）,"使用AI工具时，要尊重他人的知识产权，不侵犯别人的版权,AI生成的内容，不会侵犯别人的知识产权,用AI工具复制别人的作品，是合法的,AI生成的内容，不需要标注来源",A,使用AI工具时，必须尊重他人的知识产权，不得用AI工具复制、侵权他人的原创作品；AI生成内容可能存在侵权风险，使用时需要标注来源，遵守版权法律法规。
179,人工智能社会责任,single,单项选择题,面对AI技术带来的伦理风险，我们应该（  ）,"主动学习AI伦理知识，规范自己的使用行为，同时监督不规范的AI应用,无视伦理风险，随便使用AI技术,完全拒绝AI技术，不接触任何AI相关内容,只关注AI技术的便利性，不考虑任何风险",A,面对AI技术的伦理风险，最理性的做法是主动学习AI伦理知识，规范自己的使用行为，同时监督不规范的AI应用，推动AI技术向善发展；盲目使用和完全拒绝都是不理性的。
180,人工智能社会责任,single,单项选择题,培养人工智能社会责任的核心是（  ）,"理解AI伦理规范，树立隐私保护意识，形成科技向善的价值取向，负责任地使用AI技术,能熟练使用所有AI工具,能编写复杂的AI代码,能训练大型AI模型",A,中小学阶段培养人工智能社会责任的核心，是理解AI伦理规范、树立隐私保护意识、形成科技向善的价值取向，学会负责任地使用AI技术，而非掌握专业的代码编写、模型训练能力。
181,人工智能社会责任,multiple,多项选择题,下列属于AI伦理与社会责任关注的核心问题有（  ）,"个人隐私与数据安全保护,算法公平性与偏见修正,AI生成内容的合规性与版权问题,AI技术的滥用风险防控","A,B,C,D",AI伦理与社会责任的核心关注问题包括：个人隐私与数据安全保护、算法公平性与偏见修正、AI生成内容的合规性与版权问题、AI技术滥用风险防控、未成年人保护等，以上选项均是核心关注内容。
182,人工智能社会责任,multiple,多项选择题,下列行为中，有利于保护个人隐私的有（  ）,"不随意向AI工具透露敏感个人信息,使用AI工具前，认真阅读隐私政策,不向无资质的AI工具上传个人隐私照片、证件,把自己的个人信息分享给所有AI工具","A,B,C",保护个人隐私的正确做法包括：不随意透露敏感个人信息、使用前阅读隐私政策、不向无资质AI工具上传隐私内容；随意向所有AI工具分享个人信息，会极大增加隐私泄露风险。
183,人工智能社会责任,multiple,多项选择题,下列关于算法偏见的说法，正确的有（  ）,"算法偏见往往源于训练数据的偏差与不完整,算法偏见会导致不公平的结果，损害社会公平,我们需要通过优化数据与算法，修正和避免算法偏见,算法偏见是无法避免的，不需要关注","A,B,C",算法偏见主要源于训练数据的偏差、算法设计的缺陷，会导致不公平、歧视性的结果，损害社会公平；我们必须通过优化数据、完善算法、公平性检测等方式修正和避免算法偏见，而非无视。
184,人工智能社会责任,multiple,多项选择题,下列行为中，属于AI技术滥用的有（  ）,"用AI深度伪造技术伪造他人肖像、声音,用AI技术制作、传播虚假信息与谣言,用AI技术窃取、泄露他人个人信息,用AI技术开发辅助工具，帮助残障人士","A,B,C",AI技术滥用指的是违背伦理规范、法律法规使用AI技术，包括深度伪造侵权、制作传播虚假信息、窃取泄露个人信息等；开发辅助工具帮助残障人士是AI技术的正向应用。
185,人工智能社会责任,multiple,多项选择题,下列关于“科技向善”的说法，正确的有（  ）,"AI技术的发展与应用，应该以造福人类为核心目标,AI技术应该用于促进社会公平，改善民生,AI技术的应用需要兼顾效率与公平，避免损害公共利益,AI技术只需要关注经济效益，不需要考虑社会价值","A,B,C",“科技向善”是AI技术发展的核心原则，其核心是AI技术应以造福人类、促进社会公平、改善民生为目标，兼顾效率与公平、经济效益与社会价值；只关注经济效益、无视社会价值的做法，违背了科技向善的理念。
186,人工智能社会责任,multiple,多项选择题,使用AI工具时，我们应该遵守的规范有（  ）,"遵守法律法规，不做违法违规的事情,尊重他人隐私与知识产权，不侵犯他人合法权益,不制作、不传播虚假信息与不良内容,随便使用AI工具，不需要任何约束","A,B,C",使用AI工具时，必须遵守法律法规、尊重他人隐私与知识产权、不制作传播虚假信息与不良内容；无约束地随意使用AI工具，可能会带来伦理风险和法律后果。
187,人工智能社会责任,multiple,多项选择题,下列关于AI与未成年人保护的说法，正确的有（  ）,"未成年人使用AI工具，需要家长和老师的指导与监管,AI工具需要设置未成年人模式，保护未成年人身心健康,未成年人要学会辨别AI生成的不良内容，自觉抵制,未成年人可以随便使用任何AI工具，不需要监管","A,B,C",未成年人保护是AI社会责任的核心内容，未成年人使用AI工具需要家长和老师的指导监管，AI工具应设置未成年人模式，未成年人应自觉抵制不良内容；无监管地随意使用AI工具，会给未成年人带来安全风险。
188,人工智能社会责任,multiple,多项选择题,下列属于AI数据安全要求的有（  ）,"收集用户数据前，需明确告知并获得用户同意,用户数据需加密存储，防止泄露与滥用,用户有权要求删除自己的个人数据,可以随意收集、使用、售卖用户的个人数据","A,B,C",AI数据安全的核心要求包括：数据收集遵循知情同意原则、用户数据加密存储、保障用户的信息删除权；随意收集、使用、售卖用户个人数据，是违法违规行为。
189,人工智能社会责任,multiple,多项选择题,面对AI生成的内容，我们应该（  ）,"保持理性，辨别内容的真假与合理性,不随意转发未经核实的AI生成内容,尊重相关版权规定，合规使用,完全相信AI生成的所有内容，不加辨别","A,B,C",面对AI生成的内容，我们应保持理性、辨别真假、不随意转发未经核实的内容、遵守版权规定合规使用；完全相信、不加辨别，可能会被虚假信息误导，甚至带来法律风险。
190,人工智能社会责任,multiple,多项选择题,培养人工智能社会责任意识，需要做到（  ）,"理解AI伦理规范，树立科技向善的理念,掌握隐私保护与数据安全的基本知识,学会辨别AI技术的风险，负责任地使用AI工具,只关注AI技术的便利性，不考虑任何社会责任","A,B,C",培养人工智能社会责任意识，需要我们理解AI伦理规范、树立科技向善理念、掌握隐私保护知识、负责任地使用AI工具；只关注便利性、无视社会责任，是错误的价值取向。
191,人工智能社会责任,judge,判断题,使用AI工具时，我们不需要保护自己的个人隐私，随便透露信息也没关系。（  ）,"正确,错误",B,使用AI工具时，必须严格保护自己的个人隐私，不随意透露敏感个人信息，否则可能导致隐私泄露、人身和财产安全受损。
192,人工智能社会责任,judge,判断题,算法偏见会导致不公平的结果，需要我们关注和修正。（  ）,"正确,错误",A,算法偏见会带来歧视性、不公平的结果，损害社会公平和特定人群的合法权益，是AI伦理中需要重点关注和修正的问题。
193,人工智能社会责任,judge,判断题,AI技术的发展只需要关注性能，不需要考虑伦理和社会责任。（  ）,"正确,错误",B,AI技术的发展必须兼顾性能、伦理与社会责任，坚持科技向善，否则技术可能被滥用，给人类和社会带来危害。
194,人工智能社会责任,judge,判断题,用AI深度伪造技术伪造别人的视频和声音，是侵犯他人权益的违法行为。（  ）,"正确,错误",A,用AI深度伪造技术伪造他人的视频、声音，会侵犯他人的肖像权、名誉权，甚至被用于违法犯罪活动，属于侵权行为和违法行为。
195,人工智能社会责任,judge,判断题,AI生成的内容都是安全的，不会有虚假信息，我们可以完全相信。（  ）,"正确,错误",B,AI生成的内容可能存在虚假信息、错误内容、偏见性内容，具有极强的迷惑性，我们必须保持理性判断，不能完全相信。
196,人工智能社会责任,judge,判断题,每个使用AI技术的人，都有责任规范自己的行为，遵守伦理规范。（  ）,"正确,错误",A,AI的社会责任不仅由开发者承担，每个AI技术的使用者，都有责任规范自己的行为，遵守AI伦理规范和法律法规。
197,人工智能社会责任,judge,判断题,AI系统收集用户数据时，不需要告知用户，偷偷收集就行。（  ）,"正确,错误",B,根据《个人信息保护法》，AI系统收集用户个人数据时，必须遵循“知情同意”原则，明确告知用户并获得同意，偷偷收集用户数据是违法行为。
198,人工智能社会责任,judge,判断题,科技向善是AI技术发展的核心原则，AI应该服务于人类的福祉。（  ）,"正确,错误",A,科技向善是全球AI技术发展的核心共识和原则，AI技术的发展和应用，必须以服务人类福祉、促进社会进步为核心目标。
199,人工智能社会责任,judge,判断题,未成年人使用AI工具，不需要家长和老师的指导和监管。（  ）,"正确,错误",B,未成年人的认知能力和风险防范能力不足，使用AI工具必须在家长和老师的指导、监管下进行，避免安全风险和不良影响。
200,人工智能社会责任,judge,判断题,使用AI工具时，要尊重他人的知识产权和隐私，不做侵权的事情。（  ）,"正确,错误",A,尊重他人的知识产权和隐私，是使用AI工具的基本伦理规范和法律要求，使用AI工具时，不得实施侵权行为。
